timestamp, temperature.gpu, power.draw [W], clocks.current.sm [MHz], utilization.gpu [%], clocks.current.memory [MHz], clocks.current.graphics [MHz], utilization.memory [%]
2024/05/07 13:44:32.229, 39, 26.35 W, 135 MHz, 0 %, 850 MHz, 135 MHz, 0 %
2024/05/07 13:44:32.242, 39, 26.16 W, 135 MHz, 0 %, 850 MHz, 135 MHz, 0 %
2024/05/07 13:44:32.256, 39, 26.16 W, 135 MHz, 0 %, 850 MHz, 135 MHz, 0 %
2024/05/07 13:44:32.268, 39, 26.26 W, 135 MHz, 0 %, 850 MHz, 135 MHz, 0 %
2024/05/07 13:44:32.296, 39, 26.26 W, 135 MHz, 0 %, 850 MHz, 135 MHz, 0 %
2024/05/07 13:44:32.307, 39, 27.99 W, 1200 MHz, 0 %, 850 MHz, 1200 MHz, 0 %
2024/05/07 13:44:32.323, 39, 35.49 W, 1200 MHz, 0 %, 850 MHz, 1200 MHz, 0 %
2024/05/07 13:44:32.353, 39, 35.49 W, 1200 MHz, 0 %, 850 MHz, 1200 MHz, 0 %
2024/05/07 13:44:32.365, 39, 35.97 W, 1200 MHz, 0 %, 850 MHz, 1200 MHz, 0 %
2024/05/07 13:44:32.377, 39, 35.97 W, 1200 MHz, 0 %, 850 MHz, 1200 MHz, 0 %
2024/05/07 13:44:32.389, 39, 35.97 W, 1200 MHz, 0 %, 850 MHz, 1200 MHz, 0 %
2024/05/07 13:44:32.402, 39, 35.96 W, 1200 MHz, 0 %, 850 MHz, 1200 MHz, 0 %
2024/05/07 13:44:32.417, 39, 35.96 W, 1200 MHz, 0 %, 850 MHz, 1200 MHz, 0 %
2024/05/07 13:44:32.428, 39, 35.96 W, 1200 MHz, 0 %, 850 MHz, 1200 MHz, 0 %
2024/05/07 13:44:32.441, 39, 35.96 W, 1200 MHz, 0 %, 850 MHz, 1200 MHz, 0 %
2024/05/07 13:44:32.457, 39, 35.96 W, 1200 MHz, 0 %, 850 MHz, 1200 MHz, 0 %
2024/05/07 13:44:32.468, 39, 35.97 W, 1200 MHz, 3 %, 850 MHz, 1200 MHz, 0 %
2024/05/07 13:44:32.481, 39, 36.07 W, 1200 MHz, 3 %, 850 MHz, 1200 MHz, 0 %
2024/05/07 13:44:32.498, 39, 36.07 W, 1200 MHz, 3 %, 850 MHz, 1200 MHz, 0 %
2024/05/07 13:44:32.509, 39, 36.06 W, 1200 MHz, 3 %, 850 MHz, 1200 MHz, 0 %
2024/05/07 13:44:32.522, 39, 36.07 W, 1200 MHz, 3 %, 850 MHz, 1200 MHz, 0 %
2024/05/07 13:44:32.536, 39, 36.07 W, 1200 MHz, 3 %, 850 MHz, 1200 MHz, 0 %
2024/05/07 13:44:32.547, 39, 36.06 W, 1200 MHz, 3 %, 850 MHz, 1200 MHz, 0 %
2024/05/07 13:44:32.560, 39, 36.16 W, 1200 MHz, 3 %, 850 MHz, 1200 MHz, 0 %
2024/05/07 13:44:32.576, 39, 36.16 W, 1200 MHz, 3 %, 850 MHz, 1200 MHz, 0 %
2024/05/07 13:44:32.587, 39, 36.06 W, 1200 MHz, 3 %, 850 MHz, 1200 MHz, 0 %
2024/05/07 13:44:32.600, 39, 36.06 W, 1200 MHz, 3 %, 850 MHz, 1200 MHz, 0 %
2024/05/07 13:44:32.616, 39, 36.06 W, 1200 MHz, 3 %, 850 MHz, 1200 MHz, 0 %
2024/05/07 13:44:32.627, 39, 36.06 W, 1200 MHz, 3 %, 850 MHz, 1200 MHz, 0 %
2024/05/07 13:44:32.640, 39, 36.16 W, 1200 MHz, 0 %, 850 MHz, 1200 MHz, 0 %
2024/05/07 13:44:32.656, 39, 36.16 W, 1200 MHz, 0 %, 850 MHz, 1200 MHz, 0 %
2024/05/07 13:44:32.667, 39, 36.26 W, 1200 MHz, 0 %, 850 MHz, 1200 MHz, 0 %
2024/05/07 13:44:32.680, 39, 36.16 W, 1200 MHz, 0 %, 850 MHz, 1200 MHz, 0 %
2024/05/07 13:44:32.696, 39, 36.16 W, 1200 MHz, 0 %, 850 MHz, 1200 MHz, 0 %
2024/05/07 13:44:32.707, 39, 36.16 W, 1200 MHz, 0 %, 850 MHz, 1200 MHz, 0 %
2024/05/07 13:44:32.720, 39, 36.26 W, 1200 MHz, 0 %, 850 MHz, 1200 MHz, 0 %
2024/05/07 13:44:32.736, 39, 36.26 W, 1200 MHz, 0 %, 850 MHz, 1200 MHz, 0 %
2024/05/07 13:44:32.747, 39, 36.16 W, 1200 MHz, 0 %, 850 MHz, 1200 MHz, 0 %
2024/05/07 13:44:32.760, 39, 36.16 W, 1200 MHz, 0 %, 850 MHz, 1200 MHz, 0 %
2024/05/07 13:44:32.777, 39, 36.16 W, 1200 MHz, 0 %, 850 MHz, 1200 MHz, 0 %
2024/05/07 13:44:32.788, 39, 36.16 W, 1200 MHz, 0 %, 850 MHz, 1200 MHz, 0 %
2024/05/07 13:44:32.801, 39, 36.16 W, 1200 MHz, 0 %, 850 MHz, 1200 MHz, 0 %
2024/05/07 13:44:32.817, 39, 36.16 W, 1200 MHz, 0 %, 850 MHz, 1200 MHz, 0 %
2024/05/07 13:44:32.828, 39, 36.07 W, 1200 MHz, 0 %, 850 MHz, 1200 MHz, 0 %
2024/05/07 13:44:32.841, 39, 36.16 W, 1200 MHz, 0 %, 850 MHz, 1200 MHz, 0 %
2024/05/07 13:44:32.857, 39, 36.16 W, 1200 MHz, 0 %, 850 MHz, 1200 MHz, 0 %
2024/05/07 13:44:32.868, 39, 36.06 W, 1200 MHz, 0 %, 850 MHz, 1200 MHz, 0 %
2024/05/07 13:44:32.881, 39, 36.16 W, 1200 MHz, 0 %, 850 MHz, 1200 MHz, 0 %
2024/05/07 13:44:32.897, 39, 36.16 W, 1200 MHz, 0 %, 850 MHz, 1200 MHz, 0 %
2024/05/07 13:44:32.908, 39, 36.07 W, 1200 MHz, 0 %, 850 MHz, 1200 MHz, 0 %
2024/05/07 13:44:32.921, 39, 36.07 W, 1200 MHz, 0 %, 850 MHz, 1200 MHz, 0 %
2024/05/07 13:44:32.937, 39, 36.07 W, 1200 MHz, 0 %, 850 MHz, 1200 MHz, 0 %
2024/05/07 13:44:32.948, 39, 36.16 W, 1200 MHz, 0 %, 850 MHz, 1200 MHz, 0 %
2024/05/07 13:44:32.961, 39, 36.07 W, 1200 MHz, 0 %, 850 MHz, 1200 MHz, 0 %
2024/05/07 13:44:32.977, 39, 36.07 W, 1200 MHz, 0 %, 850 MHz, 1200 MHz, 0 %
2024/05/07 13:44:32.988, 39, 36.07 W, 1200 MHz, 0 %, 850 MHz, 1200 MHz, 0 %
2024/05/07 13:44:33.001, 39, 36.06 W, 1200 MHz, 0 %, 850 MHz, 1200 MHz, 0 %
2024/05/07 13:44:33.017, 39, 36.06 W, 1200 MHz, 0 %, 850 MHz, 1200 MHz, 0 %
2024/05/07 13:44:33.028, 39, 36.06 W, 1200 MHz, 0 %, 850 MHz, 1200 MHz, 0 %
2024/05/07 13:44:33.041, 39, 36.06 W, 1200 MHz, 0 %, 850 MHz, 1200 MHz, 0 %
2024/05/07 13:44:33.057, 39, 36.06 W, 1200 MHz, 0 %, 850 MHz, 1200 MHz, 0 %
2024/05/07 13:44:33.068, 39, 36.06 W, 1200 MHz, 0 %, 850 MHz, 1200 MHz, 0 %
2024/05/07 13:44:33.081, 39, 36.07 W, 1200 MHz, 0 %, 850 MHz, 1200 MHz, 0 %
2024/05/07 13:44:33.097, 39, 36.07 W, 1200 MHz, 0 %, 850 MHz, 1200 MHz, 0 %
2024/05/07 13:44:33.109, 39, 36.16 W, 1200 MHz, 0 %, 850 MHz, 1200 MHz, 0 %
2024/05/07 13:44:33.122, 39, 36.07 W, 1200 MHz, 0 %, 850 MHz, 1200 MHz, 0 %
2024/05/07 13:44:33.137, 39, 36.07 W, 1200 MHz, 0 %, 850 MHz, 1200 MHz, 0 %
2024/05/07 13:44:33.148, 39, 36.16 W, 1200 MHz, 0 %, 850 MHz, 1200 MHz, 0 %
2024/05/07 13:44:33.161, 39, 36.16 W, 1200 MHz, 0 %, 850 MHz, 1200 MHz, 0 %
2024/05/07 13:44:33.177, 39, 36.16 W, 1200 MHz, 0 %, 850 MHz, 1200 MHz, 0 %
2024/05/07 13:44:33.188, 39, 36.16 W, 1200 MHz, 0 %, 850 MHz, 1200 MHz, 0 %
2024/05/07 13:44:33.201, 39, 36.16 W, 1200 MHz, 0 %, 850 MHz, 1200 MHz, 0 %
2024/05/07 13:44:33.218, 40, 36.16 W, 1200 MHz, 0 %, 850 MHz, 1200 MHz, 0 %
2024/05/07 13:44:33.229, 39, 36.16 W, 1200 MHz, 0 %, 850 MHz, 1200 MHz, 0 %
2024/05/07 13:44:33.242, 39, 36.16 W, 1200 MHz, 0 %, 850 MHz, 1200 MHz, 0 %
2024/05/07 13:44:33.258, 39, 36.16 W, 1200 MHz, 0 %, 850 MHz, 1200 MHz, 0 %
2024/05/07 13:44:33.269, 40, 36.26 W, 1200 MHz, 0 %, 850 MHz, 1200 MHz, 0 %
2024/05/07 13:44:33.282, 40, 36.16 W, 1200 MHz, 0 %, 850 MHz, 1200 MHz, 0 %
2024/05/07 13:44:33.298, 39, 36.16 W, 1200 MHz, 0 %, 850 MHz, 1200 MHz, 0 %
2024/05/07 13:44:33.309, 40, 36.26 W, 1200 MHz, 0 %, 850 MHz, 1200 MHz, 0 %
2024/05/07 13:44:33.322, 40, 36.26 W, 1200 MHz, 0 %, 850 MHz, 1200 MHz, 0 %
2024/05/07 13:44:33.338, 40, 36.26 W, 1200 MHz, 0 %, 850 MHz, 1200 MHz, 0 %
2024/05/07 13:44:33.349, 40, 36.16 W, 1200 MHz, 0 %, 850 MHz, 1200 MHz, 0 %
2024/05/07 13:44:33.362, 40, 36.16 W, 1200 MHz, 0 %, 850 MHz, 1200 MHz, 0 %
2024/05/07 13:44:33.378, 39, 36.16 W, 1200 MHz, 0 %, 850 MHz, 1200 MHz, 0 %
2024/05/07 13:44:33.389, 40, 36.16 W, 1200 MHz, 0 %, 850 MHz, 1200 MHz, 0 %
2024/05/07 13:44:33.402, 40, 36.16 W, 1200 MHz, 0 %, 850 MHz, 1200 MHz, 0 %
2024/05/07 13:44:33.418, 40, 36.16 W, 1200 MHz, 0 %, 850 MHz, 1200 MHz, 0 %
2024/05/07 13:44:33.429, 39, 36.16 W, 1200 MHz, 0 %, 850 MHz, 1200 MHz, 0 %
2024/05/07 13:44:33.442, 40, 36.25 W, 1200 MHz, 0 %, 850 MHz, 1200 MHz, 0 %
2024/05/07 13:44:33.458, 40, 36.25 W, 1200 MHz, 0 %, 850 MHz, 1200 MHz, 0 %
2024/05/07 13:44:33.469, 40, 36.06 W, 1200 MHz, 0 %, 850 MHz, 1200 MHz, 0 %
2024/05/07 13:44:33.482, 40, 36.25 W, 1200 MHz, 0 %, 850 MHz, 1200 MHz, 0 %
2024/05/07 13:44:33.498, 40, 36.25 W, 1200 MHz, 0 %, 850 MHz, 1200 MHz, 0 %
2024/05/07 13:44:33.509, 40, 36.07 W, 1200 MHz, 0 %, 850 MHz, 1200 MHz, 0 %
2024/05/07 13:44:33.522, 40, 36.16 W, 1200 MHz, 0 %, 850 MHz, 1200 MHz, 0 %
2024/05/07 13:44:33.538, 40, 36.16 W, 1200 MHz, 0 %, 850 MHz, 1200 MHz, 0 %
2024/05/07 13:44:33.549, 40, 36.06 W, 1200 MHz, 0 %, 850 MHz, 1200 MHz, 0 %
2024/05/07 13:44:33.562, 40, 36.07 W, 1200 MHz, 0 %, 850 MHz, 1200 MHz, 0 %
2024/05/07 13:44:33.578, 40, 36.07 W, 1200 MHz, 0 %, 850 MHz, 1200 MHz, 0 %
2024/05/07 13:44:33.589, 40, 36.06 W, 1200 MHz, 0 %, 850 MHz, 1200 MHz, 0 %
2024/05/07 13:44:33.602, 40, 36.07 W, 1200 MHz, 0 %, 850 MHz, 1200 MHz, 0 %
2024/05/07 13:44:33.618, 40, 36.07 W, 1200 MHz, 0 %, 850 MHz, 1200 MHz, 0 %
2024/05/07 13:44:33.629, 40, 36.07 W, 1200 MHz, 0 %, 850 MHz, 1200 MHz, 0 %
2024/05/07 13:44:33.642, 40, 36.16 W, 1200 MHz, 0 %, 850 MHz, 1200 MHz, 0 %
2024/05/07 13:44:33.658, 40, 36.16 W, 1200 MHz, 0 %, 850 MHz, 1200 MHz, 0 %
2024/05/07 13:44:33.669, 40, 36.06 W, 1200 MHz, 0 %, 850 MHz, 1200 MHz, 0 %
2024/05/07 13:44:33.682, 40, 36.06 W, 1200 MHz, 0 %, 850 MHz, 1200 MHz, 0 %
2024/05/07 13:44:33.699, 40, 36.06 W, 1200 MHz, 0 %, 850 MHz, 1200 MHz, 0 %
2024/05/07 13:44:33.710, 40, 36.16 W, 1200 MHz, 0 %, 850 MHz, 1200 MHz, 0 %
2024/05/07 13:44:33.723, 40, 36.06 W, 1200 MHz, 0 %, 850 MHz, 1200 MHz, 0 %
2024/05/07 13:44:33.739, 40, 36.06 W, 1200 MHz, 0 %, 850 MHz, 1200 MHz, 0 %
2024/05/07 13:44:33.750, 40, 36.16 W, 1200 MHz, 0 %, 850 MHz, 1200 MHz, 0 %
2024/05/07 13:44:33.763, 40, 36.16 W, 1200 MHz, 0 %, 850 MHz, 1200 MHz, 0 %
2024/05/07 13:44:33.779, 40, 36.16 W, 1200 MHz, 0 %, 850 MHz, 1200 MHz, 0 %
2024/05/07 13:44:33.790, 40, 36.16 W, 1200 MHz, 0 %, 850 MHz, 1200 MHz, 0 %
2024/05/07 13:44:33.803, 40, 36.16 W, 1200 MHz, 0 %, 850 MHz, 1200 MHz, 0 %
2024/05/07 13:44:33.819, 40, 36.16 W, 1200 MHz, 0 %, 850 MHz, 1200 MHz, 0 %
2024/05/07 13:44:33.830, 40, 36.16 W, 1200 MHz, 0 %, 850 MHz, 1200 MHz, 0 %
2024/05/07 13:44:33.843, 40, 36.16 W, 1200 MHz, 0 %, 850 MHz, 1200 MHz, 0 %
2024/05/07 13:44:33.859, 40, 36.16 W, 1200 MHz, 0 %, 850 MHz, 1200 MHz, 0 %
2024/05/07 13:44:33.870, 40, 36.25 W, 1200 MHz, 0 %, 850 MHz, 1200 MHz, 0 %
2024/05/07 13:44:33.883, 40, 36.16 W, 1200 MHz, 0 %, 850 MHz, 1200 MHz, 0 %
2024/05/07 13:44:33.899, 40, 36.16 W, 1200 MHz, 0 %, 850 MHz, 1200 MHz, 0 %
2024/05/07 13:44:33.910, 40, 36.25 W, 1200 MHz, 0 %, 850 MHz, 1200 MHz, 0 %
2024/05/07 13:44:33.923, 40, 36.16 W, 1200 MHz, 0 %, 850 MHz, 1200 MHz, 0 %
2024/05/07 13:44:33.939, 40, 36.16 W, 1200 MHz, 0 %, 850 MHz, 1200 MHz, 0 %
2024/05/07 13:44:33.950, 40, 36.16 W, 1200 MHz, 0 %, 850 MHz, 1200 MHz, 0 %
2024/05/07 13:44:33.963, 40, 36.26 W, 1200 MHz, 0 %, 850 MHz, 1200 MHz, 0 %
2024/05/07 13:44:33.979, 40, 36.26 W, 1200 MHz, 0 %, 850 MHz, 1200 MHz, 0 %
2024/05/07 13:44:33.990, 40, 36.16 W, 1200 MHz, 0 %, 850 MHz, 1200 MHz, 0 %
2024/05/07 13:44:34.003, 40, 36.16 W, 1200 MHz, 0 %, 850 MHz, 1200 MHz, 0 %
2024/05/07 13:44:34.019, 40, 36.16 W, 1200 MHz, 0 %, 850 MHz, 1200 MHz, 0 %
2024/05/07 13:44:34.030, 40, 36.16 W, 1200 MHz, 0 %, 850 MHz, 1200 MHz, 0 %
2024/05/07 13:44:34.043, 40, 36.25 W, 1200 MHz, 0 %, 850 MHz, 1200 MHz, 0 %
2024/05/07 13:44:34.059, 40, 36.25 W, 1200 MHz, 0 %, 850 MHz, 1200 MHz, 0 %
2024/05/07 13:44:34.070, 40, 36.16 W, 1200 MHz, 0 %, 850 MHz, 1200 MHz, 0 %
2024/05/07 13:44:34.083, 40, 36.93 W, 1200 MHz, 0 %, 850 MHz, 1200 MHz, 0 %
2024/05/07 13:44:34.099, 40, 36.93 W, 1200 MHz, 0 %, 850 MHz, 1200 MHz, 0 %
2024/05/07 13:44:34.110, 40, 37.22 W, 1200 MHz, 0 %, 850 MHz, 1200 MHz, 0 %
2024/05/07 13:44:34.123, 40, 37.41 W, 1200 MHz, 0 %, 850 MHz, 1200 MHz, 0 %
2024/05/07 13:44:34.140, 40, 37.41 W, 1200 MHz, 31 %, 850 MHz, 1200 MHz, 1 %
2024/05/07 13:44:34.150, 40, 37.22 W, 1200 MHz, 31 %, 850 MHz, 1200 MHz, 1 %
2024/05/07 13:44:34.163, 40, 37.22 W, 1200 MHz, 31 %, 850 MHz, 1200 MHz, 1 %
2024/05/07 13:44:34.180, 40, 37.22 W, 1200 MHz, 31 %, 850 MHz, 1200 MHz, 1 %
2024/05/07 13:44:34.190, 40, 37.13 W, 1200 MHz, 31 %, 850 MHz, 1200 MHz, 1 %
2024/05/07 13:44:34.204, 40, 37.22 W, 1200 MHz, 31 %, 850 MHz, 1200 MHz, 1 %
2024/05/07 13:44:34.220, 40, 37.22 W, 1200 MHz, 31 %, 850 MHz, 1200 MHz, 1 %
2024/05/07 13:44:34.231, 40, 37.02 W, 1200 MHz, 31 %, 850 MHz, 1200 MHz, 1 %
2024/05/07 13:44:34.244, 40, 37.22 W, 1200 MHz, 31 %, 850 MHz, 1200 MHz, 1 %
2024/05/07 13:44:34.260, 40, 37.22 W, 1200 MHz, 31 %, 850 MHz, 1200 MHz, 1 %
2024/05/07 13:44:34.271, 40, 37.02 W, 1200 MHz, 31 %, 850 MHz, 1200 MHz, 1 %
2024/05/07 13:44:34.284, 40, 37.12 W, 1200 MHz, 31 %, 850 MHz, 1200 MHz, 1 %
2024/05/07 13:44:34.300, 40, 37.12 W, 1200 MHz, 31 %, 850 MHz, 1200 MHz, 1 %
2024/05/07 13:44:34.311, 40, 37.89 W, 1320 MHz, 91 %, 850 MHz, 1320 MHz, 3 %
2024/05/07 13:44:34.327, 40, 39.23 W, 1320 MHz, 91 %, 850 MHz, 1320 MHz, 3 %
2024/05/07 13:44:34.343, 40, 39.23 W, 1320 MHz, 91 %, 850 MHz, 1320 MHz, 3 %
2024/05/07 13:44:34.354, 40, 40.18 W, 1320 MHz, 91 %, 850 MHz, 1320 MHz, 3 %
2024/05/07 13:44:34.367, 40, 40.47 W, 1320 MHz, 91 %, 850 MHz, 1320 MHz, 3 %
2024/05/07 13:44:34.383, 40, 40.47 W, 1320 MHz, 91 %, 850 MHz, 1320 MHz, 3 %
2024/05/07 13:44:34.394, 40, 40.38 W, 1320 MHz, 91 %, 850 MHz, 1320 MHz, 3 %
2024/05/07 13:44:34.407, 40, 40.38 W, 1320 MHz, 91 %, 850 MHz, 1320 MHz, 3 %
2024/05/07 13:44:34.423, 40, 40.38 W, 1320 MHz, 91 %, 850 MHz, 1320 MHz, 3 %
2024/05/07 13:44:34.434, 40, 40.38 W, 1320 MHz, 91 %, 850 MHz, 1320 MHz, 3 %
2024/05/07 13:44:34.447, 40, 40.18 W, 1320 MHz, 91 %, 850 MHz, 1320 MHz, 3 %
2024/05/07 13:44:34.463, 40, 40.18 W, 1320 MHz, 91 %, 850 MHz, 1320 MHz, 3 %
2024/05/07 13:44:34.474, 40, 40.28 W, 1335 MHz, 91 %, 850 MHz, 1335 MHz, 3 %
2024/05/07 13:44:34.490, 40, 40.28 W, 1335 MHz, 91 %, 850 MHz, 1335 MHz, 3 %
2024/05/07 13:44:34.504, 40, 40.28 W, 1335 MHz, 91 %, 850 MHz, 1335 MHz, 3 %
2024/05/07 13:44:34.515, 40, 40.38 W, 1335 MHz, 91 %, 850 MHz, 1335 MHz, 3 %
2024/05/07 13:44:34.528, 40, 40.38 W, 1335 MHz, 91 %, 850 MHz, 1335 MHz, 3 %
2024/05/07 13:44:34.544, 40, 40.38 W, 1335 MHz, 91 %, 850 MHz, 1335 MHz, 3 %
2024/05/07 13:44:34.555, 40, 40.76 W, 1335 MHz, 91 %, 850 MHz, 1335 MHz, 3 %
2024/05/07 13:44:34.568, 40, 40.67 W, 1335 MHz, 91 %, 850 MHz, 1335 MHz, 3 %
2024/05/07 13:44:34.584, 40, 40.67 W, 1335 MHz, 91 %, 850 MHz, 1335 MHz, 3 %
2024/05/07 13:44:34.595, 40, 40.76 W, 1335 MHz, 91 %, 850 MHz, 1335 MHz, 3 %
2024/05/07 13:44:34.608, 40, 40.39 W, 1335 MHz, 91 %, 850 MHz, 1335 MHz, 3 %
2024/05/07 13:44:34.624, 40, 40.39 W, 1335 MHz, 91 %, 850 MHz, 1335 MHz, 3 %
2024/05/07 13:44:34.635, 40, 40.00 W, 1335 MHz, 91 %, 850 MHz, 1335 MHz, 3 %
2024/05/07 13:44:34.648, 40, 39.92 W, 1335 MHz, 72 %, 850 MHz, 1335 MHz, 2 %
2024/05/07 13:44:34.664, 40, 39.92 W, 1335 MHz, 72 %, 850 MHz, 1335 MHz, 2 %
2024/05/07 13:44:34.675, 40, 39.91 W, 1335 MHz, 72 %, 850 MHz, 1335 MHz, 2 %
2024/05/07 13:44:34.689, 40, 39.91 W, 1335 MHz, 72 %, 850 MHz, 1335 MHz, 2 %
2024/05/07 13:44:34.704, 40, 39.91 W, 1335 MHz, 72 %, 850 MHz, 1335 MHz, 2 %
2024/05/07 13:44:34.715, 40, 40.01 W, 1335 MHz, 72 %, 850 MHz, 1335 MHz, 2 %
2024/05/07 13:44:34.729, 40, 39.91 W, 1335 MHz, 72 %, 850 MHz, 1335 MHz, 2 %
2024/05/07 13:44:34.745, 40, 39.91 W, 1335 MHz, 72 %, 850 MHz, 1335 MHz, 2 %
2024/05/07 13:44:34.756, 40, 40.01 W, 1335 MHz, 72 %, 850 MHz, 1335 MHz, 2 %
2024/05/07 13:44:34.769, 40, 39.91 W, 1335 MHz, 72 %, 850 MHz, 1335 MHz, 2 %
2024/05/07 13:44:34.785, 40, 39.91 W, 1335 MHz, 72 %, 850 MHz, 1335 MHz, 2 %
2024/05/07 13:44:34.795, 40, 40.00 W, 1335 MHz, 72 %, 850 MHz, 1335 MHz, 2 %
2024/05/07 13:44:34.809, 40, 39.89 W, 1335 MHz, 4 %, 850 MHz, 1335 MHz, 0 %
2024/05/07 13:44:34.825, 40, 39.89 W, 1335 MHz, 4 %, 850 MHz, 1335 MHz, 0 %
2024/05/07 13:44:34.836, 40, 39.99 W, 1335 MHz, 4 %, 850 MHz, 1335 MHz, 0 %
2024/05/07 13:44:34.850, 40, 40.01 W, 1335 MHz, 4 %, 850 MHz, 1335 MHz, 0 %
2024/05/07 13:44:34.865, 40, 40.01 W, 1335 MHz, 4 %, 850 MHz, 1335 MHz, 0 %
2024/05/07 13:44:34.876, 40, 39.81 W, 1335 MHz, 4 %, 850 MHz, 1335 MHz, 0 %
2024/05/07 13:44:34.889, 40, 40.01 W, 1335 MHz, 4 %, 850 MHz, 1335 MHz, 0 %
2024/05/07 13:44:34.905, 40, 40.01 W, 1335 MHz, 4 %, 850 MHz, 1335 MHz, 0 %
2024/05/07 13:44:34.916, 41, 153.45 W, 1335 MHz, 4 %, 850 MHz, 1335 MHz, 0 %
2024/05/07 13:44:34.929, 41, 192.31 W, 1335 MHz, 4 %, 850 MHz, 1335 MHz, 0 %
2024/05/07 13:44:34.956, 42, 196.39 W, 1335 MHz, 4 %, 850 MHz, 1335 MHz, 0 %
2024/05/07 13:44:34.969, 42, 197.24 W, 1335 MHz, 4 %, 850 MHz, 1335 MHz, 0 %
2024/05/07 13:44:34.986, 42, 197.24 W, 1335 MHz, 47 %, 850 MHz, 1335 MHz, 22 %
2024/05/07 13:44:34.997, 43, 197.91 W, 1335 MHz, 47 %, 850 MHz, 1335 MHz, 22 %
2024/05/07 13:44:35.010, 43, 199.52 W, 1335 MHz, 47 %, 850 MHz, 1335 MHz, 22 %
2024/05/07 13:44:35.025, 43, 199.52 W, 1335 MHz, 47 %, 850 MHz, 1335 MHz, 22 %
2024/05/07 13:44:35.036, 43, 200.35 W, 1335 MHz, 47 %, 850 MHz, 1335 MHz, 22 %
2024/05/07 13:44:35.049, 43, 200.63 W, 1335 MHz, 47 %, 850 MHz, 1335 MHz, 22 %
2024/05/07 13:44:35.065, 43, 200.63 W, 1335 MHz, 47 %, 850 MHz, 1335 MHz, 22 %
2024/05/07 13:44:35.076, 43, 200.92 W, 1335 MHz, 47 %, 850 MHz, 1335 MHz, 22 %
2024/05/07 13:44:35.089, 43, 200.92 W, 1335 MHz, 47 %, 850 MHz, 1335 MHz, 22 %
2024/05/07 13:44:35.105, 44, 200.92 W, 1335 MHz, 47 %, 850 MHz, 1335 MHz, 22 %
2024/05/07 13:44:35.116, 44, 199.70 W, 1335 MHz, 47 %, 850 MHz, 1335 MHz, 22 %
2024/05/07 13:44:35.129, 44, 199.23 W, 1335 MHz, 47 %, 850 MHz, 1335 MHz, 22 %
2024/05/07 13:44:35.145, 44, 199.23 W, 1335 MHz, 100 %, 850 MHz, 1335 MHz, 49 %
2024/05/07 13:44:35.156, 44, 199.40 W, 1335 MHz, 100 %, 850 MHz, 1335 MHz, 49 %
2024/05/07 13:44:35.169, 44, 199.40 W, 1335 MHz, 100 %, 850 MHz, 1335 MHz, 49 %
2024/05/07 13:44:35.185, 44, 199.40 W, 1335 MHz, 100 %, 850 MHz, 1335 MHz, 49 %
2024/05/07 13:44:35.196, 44, 199.29 W, 1335 MHz, 100 %, 850 MHz, 1335 MHz, 49 %
2024/05/07 13:44:35.209, 44, 199.38 W, 1335 MHz, 100 %, 850 MHz, 1335 MHz, 49 %
2024/05/07 13:44:35.225, 44, 199.38 W, 1335 MHz, 100 %, 850 MHz, 1335 MHz, 49 %
2024/05/07 13:44:35.236, 44, 199.48 W, 1335 MHz, 100 %, 850 MHz, 1335 MHz, 49 %
2024/05/07 13:44:35.249, 44, 199.57 W, 1335 MHz, 100 %, 850 MHz, 1335 MHz, 49 %
2024/05/07 13:44:35.266, 44, 199.57 W, 1335 MHz, 100 %, 850 MHz, 1335 MHz, 49 %
2024/05/07 13:44:35.277, 44, 199.96 W, 1335 MHz, 100 %, 850 MHz, 1335 MHz, 49 %
2024/05/07 13:44:35.290, 44, 199.86 W, 1335 MHz, 100 %, 850 MHz, 1335 MHz, 49 %
2024/05/07 13:44:35.306, 44, 199.86 W, 1335 MHz, 100 %, 850 MHz, 1335 MHz, 49 %
2024/05/07 13:44:35.316, 44, 200.30 W, 1335 MHz, 100 %, 850 MHz, 1335 MHz, 50 %
2024/05/07 13:44:35.329, 44, 200.59 W, 1335 MHz, 100 %, 850 MHz, 1335 MHz, 50 %
2024/05/07 13:44:35.346, 44, 200.59 W, 1335 MHz, 100 %, 850 MHz, 1335 MHz, 50 %
2024/05/07 13:44:35.356, 44, 200.83 W, 1335 MHz, 100 %, 850 MHz, 1335 MHz, 50 %
2024/05/07 13:44:35.369, 44, 200.79 W, 1335 MHz, 100 %, 850 MHz, 1335 MHz, 50 %
2024/05/07 13:44:35.386, 44, 200.79 W, 1335 MHz, 100 %, 850 MHz, 1335 MHz, 50 %
2024/05/07 13:44:35.397, 44, 195.91 W, 1335 MHz, 100 %, 850 MHz, 1335 MHz, 50 %
2024/05/07 13:44:35.409, 44, 197.43 W, 1335 MHz, 100 %, 850 MHz, 1335 MHz, 50 %
2024/05/07 13:44:35.427, 44, 197.43 W, 1335 MHz, 100 %, 850 MHz, 1335 MHz, 50 %
2024/05/07 13:44:35.438, 44, 197.82 W, 1335 MHz, 100 %, 850 MHz, 1335 MHz, 50 %
2024/05/07 13:44:35.451, 44, 197.50 W, 1335 MHz, 100 %, 850 MHz, 1335 MHz, 50 %
2024/05/07 13:44:35.468, 44, 197.50 W, 1335 MHz, 100 %, 850 MHz, 1335 MHz, 50 %
2024/05/07 13:44:35.479, 44, 197.40 W, 1335 MHz, 100 %, 850 MHz, 1335 MHz, 51 %
2024/05/07 13:44:35.492, 44, 197.50 W, 1335 MHz, 100 %, 850 MHz, 1335 MHz, 51 %
2024/05/07 13:44:35.506, 44, 197.50 W, 1335 MHz, 100 %, 850 MHz, 1335 MHz, 51 %
2024/05/07 13:44:35.517, 44, 198.16 W, 1335 MHz, 100 %, 850 MHz, 1335 MHz, 51 %
2024/05/07 13:44:35.530, 45, 198.16 W, 1335 MHz, 100 %, 850 MHz, 1335 MHz, 51 %
2024/05/07 13:44:35.546, 45, 198.16 W, 1335 MHz, 100 %, 850 MHz, 1335 MHz, 51 %
2024/05/07 13:44:35.557, 45, 198.35 W, 1335 MHz, 100 %, 850 MHz, 1335 MHz, 51 %
2024/05/07 13:44:35.570, 45, 198.39 W, 1335 MHz, 100 %, 850 MHz, 1335 MHz, 51 %
2024/05/07 13:44:35.586, 45, 198.39 W, 1335 MHz, 100 %, 850 MHz, 1335 MHz, 51 %
2024/05/07 13:44:35.597, 45, 198.29 W, 1335 MHz, 100 %, 850 MHz, 1335 MHz, 51 %
2024/05/07 13:44:35.610, 45, 197.15 W, 1335 MHz, 100 %, 850 MHz, 1335 MHz, 51 %
2024/05/07 13:44:35.626, 45, 197.15 W, 1335 MHz, 100 %, 850 MHz, 1335 MHz, 51 %
2024/05/07 13:44:35.637, 45, 196.74 W, 1335 MHz, 100 %, 850 MHz, 1335 MHz, 51 %
2024/05/07 13:44:35.650, 45, 196.83 W, 1335 MHz, 100 %, 850 MHz, 1335 MHz, 54 %
2024/05/07 13:44:35.667, 45, 196.83 W, 1335 MHz, 100 %, 850 MHz, 1335 MHz, 54 %
2024/05/07 13:44:35.677, 45, 197.02 W, 1335 MHz, 100 %, 850 MHz, 1335 MHz, 54 %
2024/05/07 13:44:35.690, 45, 197.50 W, 1335 MHz, 100 %, 850 MHz, 1335 MHz, 54 %
2024/05/07 13:44:35.706, 45, 197.50 W, 1335 MHz, 100 %, 850 MHz, 1335 MHz, 54 %
2024/05/07 13:44:35.717, 45, 197.69 W, 1335 MHz, 100 %, 850 MHz, 1335 MHz, 54 %
2024/05/07 13:44:35.730, 45, 197.94 W, 1335 MHz, 100 %, 850 MHz, 1335 MHz, 54 %
2024/05/07 13:44:35.746, 45, 197.94 W, 1335 MHz, 100 %, 850 MHz, 1335 MHz, 54 %
2024/05/07 13:44:35.757, 45, 197.63 W, 1335 MHz, 100 %, 850 MHz, 1335 MHz, 54 %
2024/05/07 13:44:35.770, 45, 198.04 W, 1335 MHz, 100 %, 850 MHz, 1335 MHz, 54 %
2024/05/07 13:44:35.787, 45, 198.04 W, 1335 MHz, 100 %, 850 MHz, 1335 MHz, 54 %
2024/05/07 13:44:35.797, 45, 198.16 W, 1335 MHz, 100 %, 850 MHz, 1335 MHz, 54 %
2024/05/07 13:44:35.810, 45, 198.64 W, 1335 MHz, 100 %, 850 MHz, 1335 MHz, 54 %
2024/05/07 13:44:35.827, 45, 198.64 W, 1335 MHz, 100 %, 850 MHz, 1335 MHz, 56 %
2024/05/07 13:44:35.838, 45, 199.10 W, 1335 MHz, 100 %, 850 MHz, 1335 MHz, 56 %
2024/05/07 13:44:35.850, 45, 198.89 W, 1335 MHz, 100 %, 850 MHz, 1335 MHz, 56 %
2024/05/07 13:44:35.867, 45, 198.89 W, 1335 MHz, 100 %, 850 MHz, 1335 MHz, 56 %
2024/05/07 13:44:35.878, 45, 199.08 W, 1335 MHz, 100 %, 850 MHz, 1335 MHz, 56 %
2024/05/07 13:44:35.890, 45, 196.61 W, 1335 MHz, 100 %, 850 MHz, 1335 MHz, 56 %
2024/05/07 13:44:35.908, 45, 196.61 W, 1335 MHz, 100 %, 850 MHz, 1335 MHz, 56 %
2024/05/07 13:44:35.958, 45, 197.12 W, 1335 MHz, 100 %, 850 MHz, 1335 MHz, 56 %
2024/05/07 13:44:35.971, 45, 195.88 W, 1335 MHz, 100 %, 850 MHz, 1335 MHz, 56 %
2024/05/07 13:44:35.989, 45, 195.88 W, 1335 MHz, 100 %, 850 MHz, 1335 MHz, 58 %
2024/05/07 13:44:36.000, 45, 195.53 W, 1335 MHz, 100 %, 850 MHz, 1335 MHz, 58 %
2024/05/07 13:44:36.012, 45, 195.57 W, 1335 MHz, 100 %, 850 MHz, 1335 MHz, 58 %
2024/05/07 13:44:36.030, 45, 195.57 W, 1335 MHz, 100 %, 850 MHz, 1335 MHz, 58 %
2024/05/07 13:44:36.041, 45, 195.34 W, 1335 MHz, 100 %, 850 MHz, 1335 MHz, 58 %
2024/05/07 13:44:36.054, 45, 195.25 W, 1335 MHz, 100 %, 850 MHz, 1335 MHz, 58 %
2024/05/07 13:44:36.070, 45, 195.25 W, 1335 MHz, 100 %, 850 MHz, 1335 MHz, 58 %
2024/05/07 13:44:36.081, 45, 195.15 W, 1335 MHz, 100 %, 850 MHz, 1335 MHz, 58 %
2024/05/07 13:44:36.094, 45, 194.77 W, 1335 MHz, 100 %, 850 MHz, 1335 MHz, 58 %
2024/05/07 13:44:36.110, 45, 194.77 W, 1335 MHz, 100 %, 850 MHz, 1335 MHz, 58 %
2024/05/07 13:44:36.121, 45, 194.58 W, 1335 MHz, 100 %, 850 MHz, 1335 MHz, 58 %
2024/05/07 13:44:36.134, 45, 194.58 W, 1335 MHz, 100 %, 850 MHz, 1335 MHz, 58 %
2024/05/07 13:44:36.150, 45, 194.58 W, 1335 MHz, 100 %, 850 MHz, 1335 MHz, 58 %
2024/05/07 13:44:36.161, 45, 190.96 W, 1335 MHz, 100 %, 850 MHz, 1335 MHz, 58 %
2024/05/07 13:44:36.174, 45, 193.98 W, 1335 MHz, 100 %, 850 MHz, 1335 MHz, 58 %
2024/05/07 13:44:36.189, 45, 193.98 W, 1335 MHz, 100 %, 850 MHz, 1335 MHz, 58 %
2024/05/07 13:44:36.200, 45, 195.06 W, 1335 MHz, 100 %, 850 MHz, 1335 MHz, 58 %
2024/05/07 13:44:36.213, 45, 195.15 W, 1335 MHz, 100 %, 850 MHz, 1335 MHz, 58 %
2024/05/07 13:44:36.229, 45, 195.15 W, 1335 MHz, 100 %, 850 MHz, 1335 MHz, 58 %
2024/05/07 13:44:36.240, 45, 195.50 W, 1335 MHz, 100 %, 850 MHz, 1335 MHz, 58 %
2024/05/07 13:44:36.253, 45, 195.28 W, 1335 MHz, 100 %, 850 MHz, 1335 MHz, 58 %
2024/05/07 13:44:36.269, 45, 195.28 W, 1335 MHz, 100 %, 850 MHz, 1335 MHz, 58 %
2024/05/07 13:44:36.280, 45, 195.50 W, 1335 MHz, 100 %, 850 MHz, 1335 MHz, 58 %
2024/05/07 13:44:36.293, 45, 195.72 W, 1335 MHz, 100 %, 850 MHz, 1335 MHz, 58 %
2024/05/07 13:44:36.309, 45, 195.72 W, 1335 MHz, 100 %, 850 MHz, 1335 MHz, 58 %
2024/05/07 13:44:36.320, 45, 195.69 W, 1335 MHz, 100 %, 850 MHz, 1335 MHz, 60 %
2024/05/07 13:44:36.333, 45, 195.88 W, 1335 MHz, 100 %, 850 MHz, 1335 MHz, 60 %
2024/05/07 13:44:36.349, 45, 195.88 W, 1335 MHz, 100 %, 850 MHz, 1335 MHz, 60 %
2024/05/07 13:44:36.360, 45, 195.56 W, 1335 MHz, 100 %, 850 MHz, 1335 MHz, 60 %
2024/05/07 13:44:36.373, 45, 190.36 W, 1335 MHz, 100 %, 850 MHz, 1335 MHz, 60 %
2024/05/07 13:44:36.391, 45, 190.36 W, 1335 MHz, 100 %, 850 MHz, 1335 MHz, 60 %
2024/05/07 13:44:36.402, 45, 197.18 W, 1335 MHz, 100 %, 850 MHz, 1335 MHz, 60 %
2024/05/07 13:44:36.415, 45, 197.65 W, 1335 MHz, 100 %, 850 MHz, 1335 MHz, 60 %
2024/05/07 13:44:36.431, 46, 197.65 W, 1335 MHz, 100 %, 850 MHz, 1335 MHz, 60 %
2024/05/07 13:44:36.442, 46, 196.48 W, 1335 MHz, 100 %, 850 MHz, 1335 MHz, 60 %
2024/05/07 13:44:36.454, 46, 196.10 W, 1335 MHz, 100 %, 850 MHz, 1335 MHz, 60 %
2024/05/07 13:44:36.470, 45, 196.10 W, 1335 MHz, 100 %, 850 MHz, 1335 MHz, 60 %
2024/05/07 13:44:36.481, 46, 196.39 W, 1335 MHz, 100 %, 850 MHz, 1335 MHz, 60 %
2024/05/07 13:44:36.494, 46, 197.12 W, 1335 MHz, 100 %, 850 MHz, 1335 MHz, 60 %
2024/05/07 13:44:36.511, 46, 197.12 W, 1335 MHz, 100 %, 850 MHz, 1335 MHz, 60 %
2024/05/07 13:44:36.522, 46, 197.50 W, 1335 MHz, 100 %, 850 MHz, 1335 MHz, 60 %
2024/05/07 13:44:36.535, 46, 197.37 W, 1335 MHz, 100 %, 850 MHz, 1335 MHz, 60 %
2024/05/07 13:44:36.550, 46, 197.37 W, 1335 MHz, 100 %, 850 MHz, 1335 MHz, 60 %
2024/05/07 13:44:36.561, 46, 197.37 W, 1335 MHz, 100 %, 850 MHz, 1335 MHz, 60 %
2024/05/07 13:44:36.574, 46, 197.56 W, 1335 MHz, 100 %, 850 MHz, 1335 MHz, 60 %
2024/05/07 13:44:36.590, 46, 197.56 W, 1335 MHz, 100 %, 850 MHz, 1335 MHz, 60 %
2024/05/07 13:44:36.601, 46, 195.75 W, 1335 MHz, 100 %, 850 MHz, 1335 MHz, 60 %
2024/05/07 13:44:36.614, 46, 195.63 W, 1335 MHz, 100 %, 850 MHz, 1335 MHz, 60 %
2024/05/07 13:44:36.631, 46, 195.63 W, 1335 MHz, 100 %, 850 MHz, 1335 MHz, 60 %
2024/05/07 13:44:36.642, 46, 195.44 W, 1335 MHz, 100 %, 850 MHz, 1335 MHz, 60 %
2024/05/07 13:44:36.655, 46, 195.34 W, 1335 MHz, 100 %, 850 MHz, 1335 MHz, 61 %
2024/05/07 13:44:36.671, 46, 195.34 W, 1335 MHz, 100 %, 850 MHz, 1335 MHz, 61 %
2024/05/07 13:44:36.682, 46, 195.31 W, 1335 MHz, 100 %, 850 MHz, 1335 MHz, 61 %
2024/05/07 13:44:36.695, 46, 195.22 W, 1335 MHz, 100 %, 850 MHz, 1335 MHz, 61 %
2024/05/07 13:44:36.711, 46, 195.22 W, 1335 MHz, 100 %, 850 MHz, 1335 MHz, 61 %
2024/05/07 13:44:36.722, 46, 195.50 W, 1335 MHz, 100 %, 850 MHz, 1335 MHz, 61 %
2024/05/07 13:44:36.735, 46, 195.34 W, 1335 MHz, 100 %, 850 MHz, 1335 MHz, 61 %
2024/05/07 13:44:36.750, 46, 195.34 W, 1335 MHz, 100 %, 850 MHz, 1335 MHz, 61 %
2024/05/07 13:44:36.761, 46, 195.37 W, 1335 MHz, 100 %, 850 MHz, 1335 MHz, 61 %
2024/05/07 13:44:36.774, 46, 195.31 W, 1335 MHz, 100 %, 850 MHz, 1335 MHz, 61 %
2024/05/07 13:44:36.790, 46, 195.31 W, 1335 MHz, 100 %, 850 MHz, 1335 MHz, 61 %
2024/05/07 13:44:36.801, 46, 195.50 W, 1335 MHz, 100 %, 850 MHz, 1335 MHz, 61 %
2024/05/07 13:44:36.814, 46, 195.59 W, 1335 MHz, 100 %, 850 MHz, 1335 MHz, 61 %
2024/05/07 13:44:36.831, 46, 195.59 W, 1335 MHz, 100 %, 850 MHz, 1335 MHz, 60 %
2024/05/07 13:44:36.841, 46, 195.72 W, 1335 MHz, 100 %, 850 MHz, 1335 MHz, 60 %
2024/05/07 13:44:36.854, 46, 195.91 W, 1335 MHz, 100 %, 850 MHz, 1335 MHz, 60 %
2024/05/07 13:44:36.871, 46, 195.91 W, 1335 MHz, 100 %, 850 MHz, 1335 MHz, 60 %
2024/05/07 13:44:36.881, 46, 193.88 W, 1335 MHz, 100 %, 850 MHz, 1335 MHz, 60 %
2024/05/07 13:44:36.894, 46, 196.10 W, 1335 MHz, 100 %, 850 MHz, 1335 MHz, 60 %
2024/05/07 13:44:36.912, 46, 196.10 W, 1335 MHz, 100 %, 850 MHz, 1335 MHz, 60 %
2024/05/07 13:44:36.923, 46, 196.55 W, 1335 MHz, 100 %, 850 MHz, 1335 MHz, 60 %
2024/05/07 13:44:36.936, 46, 195.37 W, 1335 MHz, 100 %, 850 MHz, 1335 MHz, 60 %
2024/05/07 13:44:36.952, 46, 195.37 W, 1335 MHz, 100 %, 850 MHz, 1335 MHz, 60 %
2024/05/07 13:44:36.963, 46, 195.15 W, 1335 MHz, 100 %, 850 MHz, 1335 MHz, 60 %
2024/05/07 13:44:36.976, 46, 195.15 W, 1335 MHz, 100 %, 850 MHz, 1335 MHz, 60 %
2024/05/07 13:44:36.992, 46, 195.15 W, 1335 MHz, 100 %, 850 MHz, 1335 MHz, 60 %
2024/05/07 13:44:37.003, 46, 195.34 W, 1335 MHz, 100 %, 850 MHz, 1335 MHz, 60 %
2024/05/07 13:44:37.016, 46, 195.21 W, 1335 MHz, 100 %, 850 MHz, 1335 MHz, 60 %
2024/05/07 13:44:37.031, 46, 195.21 W, 1335 MHz, 100 %, 850 MHz, 1335 MHz, 60 %
2024/05/07 13:44:37.042, 46, 195.12 W, 1335 MHz, 100 %, 850 MHz, 1335 MHz, 60 %
2024/05/07 13:44:37.055, 46, 195.02 W, 1335 MHz, 100 %, 850 MHz, 1335 MHz, 60 %
2024/05/07 13:44:37.071, 46, 195.02 W, 1335 MHz, 100 %, 850 MHz, 1335 MHz, 60 %
2024/05/07 13:44:37.082, 46, 194.55 W, 1335 MHz, 100 %, 850 MHz, 1335 MHz, 60 %
2024/05/07 13:44:37.095, 46, 194.10 W, 1335 MHz, 100 %, 850 MHz, 1335 MHz, 60 %
2024/05/07 13:44:37.111, 46, 194.10 W, 1335 MHz, 100 %, 850 MHz, 1335 MHz, 60 %
2024/05/07 13:44:37.122, 46, 194.07 W, 1335 MHz, 100 %, 850 MHz, 1335 MHz, 60 %
2024/05/07 13:44:37.135, 46, 194.26 W, 1335 MHz, 100 %, 850 MHz, 1335 MHz, 60 %
2024/05/07 13:44:37.151, 46, 194.26 W, 1335 MHz, 100 %, 850 MHz, 1335 MHz, 60 %
2024/05/07 13:44:37.162, 46, 194.36 W, 1335 MHz, 100 %, 850 MHz, 1335 MHz, 61 %
2024/05/07 13:44:37.175, 46, 194.26 W, 1335 MHz, 100 %, 850 MHz, 1335 MHz, 61 %
2024/05/07 13:44:37.191, 46, 194.26 W, 1335 MHz, 100 %, 850 MHz, 1335 MHz, 61 %
2024/05/07 13:44:37.202, 46, 194.26 W, 1335 MHz, 100 %, 850 MHz, 1335 MHz, 61 %
2024/05/07 13:44:37.215, 46, 193.98 W, 1335 MHz, 100 %, 850 MHz, 1335 MHz, 61 %
2024/05/07 13:44:37.231, 46, 193.98 W, 1335 MHz, 100 %, 850 MHz, 1335 MHz, 61 %
2024/05/07 13:44:37.242, 46, 194.29 W, 1335 MHz, 100 %, 850 MHz, 1335 MHz, 61 %
2024/05/07 13:44:37.255, 46, 194.39 W, 1335 MHz, 100 %, 850 MHz, 1335 MHz, 61 %
2024/05/07 13:44:37.271, 46, 194.39 W, 1335 MHz, 100 %, 850 MHz, 1335 MHz, 61 %
2024/05/07 13:44:37.282, 46, 194.10 W, 1335 MHz, 100 %, 850 MHz, 1335 MHz, 61 %
2024/05/07 13:44:37.295, 46, 194.20 W, 1335 MHz, 100 %, 850 MHz, 1335 MHz, 61 %
2024/05/07 13:44:37.312, 46, 194.20 W, 1335 MHz, 100 %, 850 MHz, 1335 MHz, 61 %
2024/05/07 13:44:37.323, 46, 194.26 W, 1335 MHz, 100 %, 850 MHz, 1335 MHz, 60 %
2024/05/07 13:44:37.336, 46, 194.26 W, 1335 MHz, 100 %, 850 MHz, 1335 MHz, 60 %
2024/05/07 13:44:37.352, 46, 194.26 W, 1335 MHz, 100 %, 850 MHz, 1335 MHz, 60 %
2024/05/07 13:44:37.362, 46, 189.82 W, 1335 MHz, 100 %, 850 MHz, 1335 MHz, 60 %
2024/05/07 13:44:37.375, 46, 191.22 W, 1335 MHz, 100 %, 850 MHz, 1335 MHz, 60 %
2024/05/07 13:44:37.393, 46, 191.22 W, 1335 MHz, 100 %, 850 MHz, 1335 MHz, 60 %
2024/05/07 13:44:37.404, 46, 197.40 W, 1335 MHz, 100 %, 850 MHz, 1335 MHz, 60 %
2024/05/07 13:44:37.417, 46, 198.04 W, 1335 MHz, 100 %, 850 MHz, 1335 MHz, 60 %
2024/05/07 13:44:37.432, 46, 198.04 W, 1335 MHz, 100 %, 850 MHz, 1335 MHz, 60 %
2024/05/07 13:44:37.443, 46, 197.56 W, 1335 MHz, 100 %, 850 MHz, 1335 MHz, 60 %
2024/05/07 13:44:37.456, 46, 197.94 W, 1335 MHz, 100 %, 850 MHz, 1335 MHz, 60 %
2024/05/07 13:44:37.472, 46, 197.94 W, 1335 MHz, 100 %, 850 MHz, 1335 MHz, 60 %
2024/05/07 13:44:37.483, 46, 200.03 W, 1335 MHz, 100 %, 850 MHz, 1335 MHz, 60 %
2024/05/07 13:44:37.496, 46, 200.51 W, 1335 MHz, 100 %, 850 MHz, 1335 MHz, 52 %
2024/05/07 13:44:37.514, 46, 200.51 W, 1335 MHz, 100 %, 850 MHz, 1335 MHz, 52 %
2024/05/07 13:44:37.525, 46, 201.08 W, 1335 MHz, 100 %, 850 MHz, 1335 MHz, 52 %
2024/05/07 13:44:37.538, 46, 201.52 W, 1335 MHz, 100 %, 850 MHz, 1335 MHz, 52 %
2024/05/07 13:44:37.552, 46, 201.52 W, 1335 MHz, 100 %, 850 MHz, 1335 MHz, 52 %
2024/05/07 13:44:37.563, 46, 201.65 W, 1335 MHz, 100 %, 850 MHz, 1335 MHz, 52 %
2024/05/07 13:44:37.576, 46, 200.41 W, 1335 MHz, 100 %, 850 MHz, 1335 MHz, 52 %
2024/05/07 13:44:37.593, 46, 200.41 W, 1335 MHz, 100 %, 850 MHz, 1335 MHz, 52 %
2024/05/07 13:44:37.604, 46, 199.56 W, 1335 MHz, 100 %, 850 MHz, 1335 MHz, 52 %
2024/05/07 13:44:37.617, 46, 199.62 W, 1335 MHz, 100 %, 850 MHz, 1335 MHz, 52 %
2024/05/07 13:44:37.633, 46, 199.62 W, 1335 MHz, 100 %, 850 MHz, 1335 MHz, 52 %
2024/05/07 13:44:37.644, 46, 199.65 W, 1335 MHz, 100 %, 850 MHz, 1335 MHz, 52 %
2024/05/07 13:44:37.657, 46, 199.78 W, 1335 MHz, 100 %, 850 MHz, 1335 MHz, 54 %
2024/05/07 13:44:37.673, 46, 199.78 W, 1335 MHz, 100 %, 850 MHz, 1335 MHz, 54 %
2024/05/07 13:44:37.684, 46, 199.75 W, 1335 MHz, 100 %, 850 MHz, 1335 MHz, 54 %
2024/05/07 13:44:37.697, 47, 199.75 W, 1335 MHz, 100 %, 850 MHz, 1335 MHz, 54 %
2024/05/07 13:44:37.712, 46, 199.75 W, 1335 MHz, 100 %, 850 MHz, 1335 MHz, 54 %
2024/05/07 13:44:37.803, 47, 200.99 W, 1335 MHz, 100 %, 850 MHz, 1335 MHz, 54 %
2024/05/07 13:44:37.816, 47, 200.92 W, 1335 MHz, 100 %, 850 MHz, 1335 MHz, 54 %
2024/05/07 13:44:37.829, 47, 200.99 W, 1335 MHz, 100 %, 850 MHz, 1335 MHz, 54 %
2024/05/07 13:44:37.845, 47, 200.99 W, 1335 MHz, 100 %, 850 MHz, 1335 MHz, 56 %
2024/05/07 13:44:37.855, 47, 199.21 W, 1335 MHz, 100 %, 850 MHz, 1335 MHz, 56 %
2024/05/07 13:44:37.868, 47, 197.78 W, 1335 MHz, 100 %, 850 MHz, 1335 MHz, 56 %
2024/05/07 13:44:37.886, 47, 197.78 W, 1335 MHz, 100 %, 850 MHz, 1335 MHz, 56 %
2024/05/07 13:44:37.897, 47, 198.70 W, 1335 MHz, 100 %, 850 MHz, 1335 MHz, 56 %
2024/05/07 13:44:37.909, 47, 198.23 W, 1335 MHz, 100 %, 850 MHz, 1335 MHz, 56 %
2024/05/07 13:44:37.926, 47, 198.23 W, 1335 MHz, 100 %, 850 MHz, 1335 MHz, 56 %
2024/05/07 13:44:37.937, 47, 197.46 W, 1335 MHz, 100 %, 850 MHz, 1335 MHz, 56 %
2024/05/07 13:44:37.950, 47, 197.18 W, 1335 MHz, 100 %, 850 MHz, 1335 MHz, 56 %
2024/05/07 13:44:37.965, 47, 197.18 W, 1335 MHz, 100 %, 850 MHz, 1335 MHz, 56 %
2024/05/07 13:44:37.975, 47, 197.46 W, 1335 MHz, 100 %, 850 MHz, 1335 MHz, 56 %
2024/05/07 13:44:37.988, 47, 197.56 W, 1335 MHz, 100 %, 850 MHz, 1335 MHz, 56 %
2024/05/07 13:44:38.005, 47, 197.56 W, 1335 MHz, 100 %, 850 MHz, 1335 MHz, 58 %
2024/05/07 13:44:38.016, 47, 197.46 W, 1335 MHz, 100 %, 850 MHz, 1335 MHz, 58 %
2024/05/07 13:44:38.028, 47, 197.37 W, 1335 MHz, 100 %, 850 MHz, 1335 MHz, 58 %
2024/05/07 13:44:38.045, 47, 197.37 W, 1335 MHz, 100 %, 850 MHz, 1335 MHz, 58 %
2024/05/07 13:44:38.056, 47, 197.40 W, 1335 MHz, 100 %, 850 MHz, 1335 MHz, 58 %
2024/05/07 13:44:38.069, 47, 196.39 W, 1335 MHz, 100 %, 850 MHz, 1335 MHz, 58 %
2024/05/07 13:44:38.085, 47, 196.39 W, 1335 MHz, 100 %, 850 MHz, 1335 MHz, 58 %
2024/05/07 13:44:38.096, 47, 195.50 W, 1335 MHz, 100 %, 850 MHz, 1335 MHz, 58 %
2024/05/07 13:44:38.109, 47, 195.50 W, 1335 MHz, 100 %, 850 MHz, 1335 MHz, 58 %
2024/05/07 13:44:38.126, 47, 195.50 W, 1335 MHz, 100 %, 850 MHz, 1335 MHz, 58 %
2024/05/07 13:44:38.137, 47, 195.50 W, 1335 MHz, 100 %, 850 MHz, 1335 MHz, 58 %
2024/05/07 13:44:38.150, 47, 195.78 W, 1335 MHz, 100 %, 850 MHz, 1335 MHz, 58 %
2024/05/07 13:44:38.165, 47, 195.78 W, 1335 MHz, 100 %, 850 MHz, 1335 MHz, 58 %
2024/05/07 13:44:38.176, 47, 196.23 W, 1335 MHz, 100 %, 850 MHz, 1335 MHz, 57 %
2024/05/07 13:44:38.189, 47, 196.35 W, 1335 MHz, 100 %, 850 MHz, 1335 MHz, 57 %
2024/05/07 13:44:38.206, 47, 196.35 W, 1335 MHz, 100 %, 850 MHz, 1335 MHz, 57 %
2024/05/07 13:44:38.217, 47, 196.45 W, 1335 MHz, 100 %, 850 MHz, 1335 MHz, 57 %
2024/05/07 13:44:38.230, 47, 196.35 W, 1335 MHz, 100 %, 850 MHz, 1335 MHz, 57 %
2024/05/07 13:44:38.245, 47, 196.35 W, 1335 MHz, 100 %, 850 MHz, 1335 MHz, 57 %
2024/05/07 13:44:38.256, 47, 196.48 W, 1335 MHz, 100 %, 850 MHz, 1335 MHz, 57 %
2024/05/07 13:44:38.269, 47, 196.96 W, 1335 MHz, 100 %, 850 MHz, 1335 MHz, 57 %
2024/05/07 13:44:38.285, 47, 196.96 W, 1335 MHz, 100 %, 850 MHz, 1335 MHz, 57 %
2024/05/07 13:44:38.296, 47, 197.18 W, 1335 MHz, 100 %, 850 MHz, 1335 MHz, 57 %
2024/05/07 13:44:38.309, 47, 197.12 W, 1335 MHz, 100 %, 850 MHz, 1335 MHz, 57 %
2024/05/07 13:44:38.325, 47, 197.12 W, 1335 MHz, 100 %, 850 MHz, 1335 MHz, 57 %
2024/05/07 13:44:38.336, 47, 197.08 W, 1335 MHz, 100 %, 850 MHz, 1335 MHz, 59 %
2024/05/07 13:44:38.349, 47, 192.26 W, 1335 MHz, 100 %, 850 MHz, 1335 MHz, 59 %
2024/05/07 13:44:38.365, 47, 192.26 W, 1335 MHz, 100 %, 850 MHz, 1335 MHz, 59 %
2024/05/07 13:44:38.376, 47, 196.70 W, 1335 MHz, 100 %, 850 MHz, 1335 MHz, 59 %
2024/05/07 13:44:38.389, 47, 197.18 W, 1335 MHz, 100 %, 850 MHz, 1335 MHz, 59 %
2024/05/07 13:44:38.407, 47, 197.18 W, 1335 MHz, 100 %, 850 MHz, 1335 MHz, 59 %
2024/05/07 13:44:38.417, 47, 196.13 W, 1335 MHz, 100 %, 850 MHz, 1335 MHz, 59 %
2024/05/07 13:44:38.430, 47, 196.16 W, 1335 MHz, 100 %, 850 MHz, 1335 MHz, 59 %
2024/05/07 13:44:38.447, 47, 196.16 W, 1335 MHz, 100 %, 850 MHz, 1335 MHz, 59 %
2024/05/07 13:44:38.458, 47, 196.16 W, 1335 MHz, 100 %, 850 MHz, 1335 MHz, 59 %
2024/05/07 13:44:38.471, 47, 196.20 W, 1335 MHz, 100 %, 850 MHz, 1335 MHz, 59 %
2024/05/07 13:44:38.487, 47, 196.20 W, 1335 MHz, 100 %, 850 MHz, 1335 MHz, 59 %
2024/05/07 13:44:38.498, 47, 196.48 W, 1335 MHz, 100 %, 850 MHz, 1335 MHz, 59 %
2024/05/07 13:44:38.511, 47, 196.48 W, 1335 MHz, 100 %, 850 MHz, 1335 MHz, 58 %
2024/05/07 13:44:38.527, 47, 196.48 W, 1335 MHz, 100 %, 850 MHz, 1335 MHz, 58 %
2024/05/07 13:44:38.538, 47, 196.55 W, 1335 MHz, 100 %, 850 MHz, 1335 MHz, 58 %
2024/05/07 13:44:38.551, 47, 196.74 W, 1335 MHz, 100 %, 850 MHz, 1335 MHz, 58 %
2024/05/07 13:44:38.566, 47, 196.74 W, 1335 MHz, 100 %, 850 MHz, 1335 MHz, 58 %
2024/05/07 13:44:38.577, 47, 196.42 W, 1335 MHz, 100 %, 850 MHz, 1335 MHz, 58 %
2024/05/07 13:44:38.590, 47, 196.23 W, 1335 MHz, 100 %, 850 MHz, 1335 MHz, 58 %
2024/05/07 13:44:38.607, 47, 196.23 W, 1335 MHz, 100 %, 850 MHz, 1335 MHz, 58 %
2024/05/07 13:44:38.618, 47, 196.23 W, 1335 MHz, 100 %, 850 MHz, 1335 MHz, 58 %
2024/05/07 13:44:38.631, 47, 196.20 W, 1335 MHz, 100 %, 850 MHz, 1335 MHz, 58 %
2024/05/07 13:44:38.646, 47, 196.20 W, 1335 MHz, 100 %, 850 MHz, 1335 MHz, 58 %
2024/05/07 13:44:38.657, 47, 196.29 W, 1335 MHz, 100 %, 850 MHz, 1335 MHz, 58 %
2024/05/07 13:44:38.670, 47, 196.10 W, 1335 MHz, 100 %, 850 MHz, 1335 MHz, 59 %
2024/05/07 13:44:38.687, 47, 196.10 W, 1335 MHz, 100 %, 850 MHz, 1335 MHz, 59 %
2024/05/07 13:44:38.698, 47, 196.10 W, 1335 MHz, 100 %, 850 MHz, 1335 MHz, 59 %
2024/05/07 13:44:38.711, 47, 195.72 W, 1335 MHz, 100 %, 850 MHz, 1335 MHz, 59 %
2024/05/07 13:44:38.727, 47, 195.72 W, 1335 MHz, 100 %, 850 MHz, 1335 MHz, 59 %
2024/05/07 13:44:38.738, 47, 195.72 W, 1335 MHz, 100 %, 850 MHz, 1335 MHz, 59 %
2024/05/07 13:44:38.751, 47, 195.72 W, 1335 MHz, 100 %, 850 MHz, 1335 MHz, 59 %
2024/05/07 13:44:38.766, 47, 195.72 W, 1335 MHz, 100 %, 850 MHz, 1335 MHz, 59 %
2024/05/07 13:44:38.777, 47, 195.98 W, 1335 MHz, 100 %, 850 MHz, 1335 MHz, 59 %
2024/05/07 13:44:38.790, 47, 195.98 W, 1335 MHz, 100 %, 850 MHz, 1335 MHz, 59 %
2024/05/07 13:44:38.806, 47, 195.98 W, 1335 MHz, 100 %, 850 MHz, 1335 MHz, 59 %
2024/05/07 13:44:38.817, 47, 196.32 W, 1335 MHz, 100 %, 850 MHz, 1335 MHz, 59 %
2024/05/07 13:44:38.830, 47, 196.26 W, 1335 MHz, 100 %, 850 MHz, 1335 MHz, 59 %
2024/05/07 13:44:38.848, 47, 196.26 W, 1335 MHz, 100 %, 850 MHz, 1335 MHz, 59 %
2024/05/07 13:44:38.859, 47, 196.32 W, 1335 MHz, 100 %, 850 MHz, 1335 MHz, 59 %
2024/05/07 13:44:38.871, 47, 198.51 W, 1335 MHz, 100 %, 850 MHz, 1335 MHz, 59 %
2024/05/07 13:44:38.888, 47, 198.51 W, 1335 MHz, 100 %, 850 MHz, 1335 MHz, 59 %
2024/05/07 13:44:38.899, 47, 198.16 W, 1335 MHz, 100 %, 850 MHz, 1335 MHz, 59 %
2024/05/07 13:44:38.912, 47, 197.50 W, 1335 MHz, 100 %, 850 MHz, 1335 MHz, 59 %
2024/05/07 13:44:38.927, 47, 197.50 W, 1335 MHz, 100 %, 850 MHz, 1335 MHz, 59 %
2024/05/07 13:44:38.938, 47, 197.31 W, 1335 MHz, 100 %, 850 MHz, 1335 MHz, 59 %
2024/05/07 13:44:38.950, 47, 197.85 W, 1335 MHz, 100 %, 850 MHz, 1335 MHz, 59 %
2024/05/07 13:44:38.967, 47, 197.85 W, 1335 MHz, 100 %, 850 MHz, 1335 MHz, 59 %
2024/05/07 13:44:38.977, 47, 198.04 W, 1335 MHz, 100 %, 850 MHz, 1335 MHz, 59 %
2024/05/07 13:44:38.990, 47, 198.13 W, 1335 MHz, 100 %, 850 MHz, 1335 MHz, 59 %
2024/05/07 13:44:39.007, 47, 198.13 W, 1335 MHz, 100 %, 850 MHz, 1335 MHz, 60 %
2024/05/07 13:44:39.018, 47, 197.85 W, 1335 MHz, 100 %, 850 MHz, 1335 MHz, 60 %
2024/05/07 13:44:39.030, 47, 198.23 W, 1335 MHz, 100 %, 850 MHz, 1335 MHz, 60 %
2024/05/07 13:44:39.047, 47, 198.23 W, 1335 MHz, 100 %, 850 MHz, 1335 MHz, 60 %
2024/05/07 13:44:39.058, 47, 196.86 W, 1335 MHz, 100 %, 850 MHz, 1335 MHz, 60 %
2024/05/07 13:44:39.071, 47, 196.01 W, 1335 MHz, 100 %, 850 MHz, 1335 MHz, 60 %
2024/05/07 13:44:39.087, 47, 196.01 W, 1335 MHz, 100 %, 850 MHz, 1335 MHz, 60 %
2024/05/07 13:44:39.098, 47, 195.44 W, 1335 MHz, 100 %, 850 MHz, 1335 MHz, 60 %
2024/05/07 13:44:39.111, 47, 195.34 W, 1335 MHz, 100 %, 850 MHz, 1335 MHz, 60 %
2024/05/07 13:44:39.127, 47, 195.34 W, 1335 MHz, 100 %, 850 MHz, 1335 MHz, 60 %
2024/05/07 13:44:39.138, 47, 195.63 W, 1335 MHz, 100 %, 850 MHz, 1335 MHz, 60 %
2024/05/07 13:44:39.151, 47, 195.66 W, 1335 MHz, 100 %, 850 MHz, 1335 MHz, 60 %
2024/05/07 13:44:39.168, 47, 195.66 W, 1335 MHz, 100 %, 850 MHz, 1335 MHz, 60 %
2024/05/07 13:44:39.179, 47, 195.72 W, 1335 MHz, 100 %, 850 MHz, 1335 MHz, 59 %
2024/05/07 13:44:39.192, 47, 195.94 W, 1335 MHz, 100 %, 850 MHz, 1335 MHz, 59 %
2024/05/07 13:44:39.208, 47, 195.94 W, 1335 MHz, 100 %, 850 MHz, 1335 MHz, 59 %
2024/05/07 13:44:39.219, 47, 196.16 W, 1335 MHz, 100 %, 850 MHz, 1335 MHz, 59 %
2024/05/07 13:44:39.232, 48, 196.20 W, 1335 MHz, 100 %, 850 MHz, 1335 MHz, 59 %
2024/05/07 13:44:39.248, 47, 196.20 W, 1335 MHz, 100 %, 850 MHz, 1335 MHz, 59 %
2024/05/07 13:44:39.259, 48, 196.42 W, 1335 MHz, 100 %, 850 MHz, 1335 MHz, 59 %
2024/05/07 13:44:39.272, 47, 196.64 W, 1335 MHz, 100 %, 850 MHz, 1335 MHz, 59 %
2024/05/07 13:44:39.288, 48, 196.64 W, 1335 MHz, 100 %, 850 MHz, 1335 MHz, 59 %
2024/05/07 13:44:39.299, 48, 196.42 W, 1335 MHz, 100 %, 850 MHz, 1335 MHz, 59 %
2024/05/07 13:44:39.312, 48, 196.67 W, 1335 MHz, 100 %, 850 MHz, 1335 MHz, 59 %
2024/05/07 13:44:39.328, 48, 196.67 W, 1335 MHz, 100 %, 850 MHz, 1335 MHz, 59 %
2024/05/07 13:44:39.339, 48, 191.98 W, 1335 MHz, 100 %, 850 MHz, 1335 MHz, 60 %
2024/05/07 13:44:39.352, 48, 196.01 W, 1335 MHz, 100 %, 850 MHz, 1335 MHz, 60 %
2024/05/07 13:44:39.369, 48, 196.01 W, 1335 MHz, 100 %, 850 MHz, 1335 MHz, 60 %
2024/05/07 13:44:39.380, 48, 197.78 W, 1335 MHz, 100 %, 850 MHz, 1335 MHz, 60 %
2024/05/07 13:44:39.393, 48, 197.21 W, 1335 MHz, 100 %, 850 MHz, 1335 MHz, 60 %
2024/05/07 13:44:39.408, 48, 197.21 W, 1335 MHz, 100 %, 850 MHz, 1335 MHz, 60 %
2024/05/07 13:44:39.418, 48, 195.75 W, 1335 MHz, 100 %, 850 MHz, 1335 MHz, 60 %
2024/05/07 13:44:39.431, 48, 195.75 W, 1335 MHz, 100 %, 850 MHz, 1335 MHz, 60 %
2024/05/07 13:44:39.449, 47, 195.75 W, 1335 MHz, 100 %, 850 MHz, 1335 MHz, 60 %
2024/05/07 13:44:39.459, 48, 195.78 W, 1335 MHz, 100 %, 850 MHz, 1335 MHz, 60 %
2024/05/07 13:44:39.472, 48, 195.59 W, 1335 MHz, 100 %, 850 MHz, 1335 MHz, 60 %
2024/05/07 13:44:39.489, 48, 195.59 W, 1335 MHz, 100 %, 850 MHz, 1335 MHz, 60 %
2024/05/07 13:44:39.500, 48, 195.44 W, 1335 MHz, 100 %, 850 MHz, 1335 MHz, 60 %
2024/05/07 13:44:39.513, 48, 195.44 W, 1335 MHz, 100 %, 850 MHz, 1335 MHz, 60 %
2024/05/07 13:44:39.529, 48, 195.44 W, 1335 MHz, 100 %, 850 MHz, 1335 MHz, 60 %
2024/05/07 13:44:39.540, 48, 195.63 W, 1335 MHz, 100 %, 850 MHz, 1335 MHz, 60 %
2024/05/07 13:44:39.553, 48, 194.99 W, 1335 MHz, 100 %, 850 MHz, 1335 MHz, 60 %
2024/05/07 13:44:39.568, 48, 194.99 W, 1335 MHz, 100 %, 850 MHz, 1335 MHz, 60 %
2024/05/07 13:44:39.579, 48, 194.87 W, 1335 MHz, 100 %, 850 MHz, 1335 MHz, 60 %
2024/05/07 13:44:39.592, 48, 194.96 W, 1335 MHz, 100 %, 850 MHz, 1335 MHz, 60 %
2024/05/07 13:44:39.608, 48, 194.96 W, 1335 MHz, 100 %, 850 MHz, 1335 MHz, 60 %
2024/05/07 13:44:39.619, 48, 195.15 W, 1335 MHz, 100 %, 850 MHz, 1335 MHz, 60 %
2024/05/07 13:44:39.632, 48, 194.87 W, 1335 MHz, 100 %, 850 MHz, 1335 MHz, 60 %
2024/05/07 13:44:39.648, 48, 194.87 W, 1335 MHz, 100 %, 850 MHz, 1335 MHz, 60 %
2024/05/07 13:44:39.659, 48, 195.15 W, 1335 MHz, 100 %, 850 MHz, 1335 MHz, 60 %
2024/05/07 13:44:39.672, 48, 195.15 W, 1335 MHz, 100 %, 850 MHz, 1335 MHz, 60 %
2024/05/07 13:44:39.688, 48, 195.15 W, 1335 MHz, 100 %, 850 MHz, 1335 MHz, 60 %
2024/05/07 13:44:39.699, 48, 195.15 W, 1335 MHz, 100 %, 850 MHz, 1335 MHz, 60 %
2024/05/07 13:44:39.712, 48, 195.06 W, 1335 MHz, 100 %, 850 MHz, 1335 MHz, 60 %
2024/05/07 13:44:39.728, 48, 195.06 W, 1335 MHz, 100 %, 850 MHz, 1335 MHz, 60 %
2024/05/07 13:44:39.739, 48, 195.03 W, 1335 MHz, 100 %, 850 MHz, 1335 MHz, 60 %
2024/05/07 13:44:39.752, 48, 195.12 W, 1335 MHz, 100 %, 850 MHz, 1335 MHz, 60 %
2024/05/07 13:44:39.769, 48, 195.12 W, 1335 MHz, 100 %, 850 MHz, 1335 MHz, 60 %
2024/05/07 13:44:39.780, 48, 195.25 W, 1335 MHz, 100 %, 850 MHz, 1335 MHz, 60 %
2024/05/07 13:44:39.792, 48, 195.06 W, 1335 MHz, 100 %, 850 MHz, 1335 MHz, 60 %
2024/05/07 13:44:39.808, 48, 195.06 W, 1335 MHz, 100 %, 850 MHz, 1335 MHz, 60 %
2024/05/07 13:44:39.819, 48, 195.06 W, 1335 MHz, 100 %, 850 MHz, 1335 MHz, 60 %
2024/05/07 13:44:39.832, 48, 184.42 W, 1335 MHz, 100 %, 850 MHz, 1335 MHz, 60 %
2024/05/07 13:44:39.850, 48, 184.42 W, 1335 MHz, 100 %, 850 MHz, 1335 MHz, 59 %
2024/05/07 13:44:39.861, 48, 196.93 W, 1335 MHz, 100 %, 850 MHz, 1335 MHz, 59 %
2024/05/07 13:44:39.874, 48, 198.89 W, 1335 MHz, 100 %, 850 MHz, 1335 MHz, 59 %
2024/05/07 13:44:39.890, 48, 198.89 W, 1335 MHz, 100 %, 850 MHz, 1335 MHz, 59 %
2024/05/07 13:44:39.901, 48, 198.32 W, 1335 MHz, 100 %, 850 MHz, 1335 MHz, 59 %
2024/05/07 13:44:39.914, 48, 198.45 W, 1335 MHz, 100 %, 850 MHz, 1335 MHz, 59 %
2024/05/07 13:44:39.929, 48, 198.45 W, 1335 MHz, 100 %, 850 MHz, 1335 MHz, 59 %
2024/05/07 13:44:39.940, 48, 199.94 W, 1335 MHz, 100 %, 850 MHz, 1335 MHz, 59 %
2024/05/07 13:44:39.952, 48, 201.01 W, 1335 MHz, 100 %, 850 MHz, 1335 MHz, 59 %
2024/05/07 13:44:39.970, 48, 201.01 W, 1335 MHz, 100 %, 850 MHz, 1335 MHz, 59 %
2024/05/07 13:44:39.981, 48, 201.84 W, 1335 MHz, 100 %, 850 MHz, 1335 MHz, 59 %
2024/05/07 13:44:39.994, 48, 202.38 W, 1335 MHz, 100 %, 850 MHz, 1335 MHz, 59 %
2024/05/07 13:44:40.009, 48, 202.38 W, 1335 MHz, 100 %, 850 MHz, 1335 MHz, 51 %
2024/05/07 13:44:40.020, 48, 202.66 W, 1335 MHz, 100 %, 850 MHz, 1335 MHz, 51 %
2024/05/07 13:44:40.033, 48, 202.47 W, 1335 MHz, 100 %, 850 MHz, 1335 MHz, 51 %
2024/05/07 13:44:40.049, 48, 202.47 W, 1335 MHz, 100 %, 850 MHz, 1335 MHz, 51 %
2024/05/07 13:44:40.060, 48, 200.79 W, 1335 MHz, 100 %, 850 MHz, 1335 MHz, 51 %
2024/05/07 13:44:40.073, 48, 200.60 W, 1335 MHz, 100 %, 850 MHz, 1335 MHz, 51 %
2024/05/07 13:44:40.090, 48, 200.60 W, 1335 MHz, 100 %, 850 MHz, 1335 MHz, 51 %
2024/05/07 13:44:40.101, 48, 200.48 W, 1335 MHz, 100 %, 850 MHz, 1335 MHz, 51 %
2024/05/07 13:44:40.114, 48, 200.79 W, 1335 MHz, 100 %, 850 MHz, 1335 MHz, 51 %
2024/05/07 13:44:40.130, 48, 200.79 W, 1335 MHz, 100 %, 850 MHz, 1335 MHz, 51 %
2024/05/07 13:44:40.141, 48, 200.60 W, 1335 MHz, 100 %, 850 MHz, 1335 MHz, 51 %
2024/05/07 13:44:40.154, 48, 200.41 W, 1335 MHz, 100 %, 850 MHz, 1335 MHz, 51 %
2024/05/07 13:44:40.169, 48, 200.41 W, 1335 MHz, 100 %, 850 MHz, 1335 MHz, 51 %
2024/05/07 13:44:40.180, 48, 200.99 W, 1335 MHz, 100 %, 850 MHz, 1335 MHz, 55 %
2024/05/07 13:44:40.193, 48, 201.27 W, 1335 MHz, 100 %, 850 MHz, 1335 MHz, 55 %
2024/05/07 13:44:40.210, 48, 201.27 W, 1335 MHz, 100 %, 850 MHz, 1335 MHz, 55 %
2024/05/07 13:44:40.221, 48, 201.75 W, 1335 MHz, 100 %, 850 MHz, 1335 MHz, 55 %
2024/05/07 13:44:40.234, 48, 201.46 W, 1335 MHz, 100 %, 850 MHz, 1335 MHz, 55 %
2024/05/07 13:44:40.249, 48, 201.46 W, 1335 MHz, 100 %, 850 MHz, 1335 MHz, 55 %
2024/05/07 13:44:40.260, 48, 201.74 W, 1335 MHz, 100 %, 850 MHz, 1335 MHz, 55 %
2024/05/07 13:44:40.273, 48, 201.83 W, 1335 MHz, 100 %, 850 MHz, 1335 MHz, 55 %
2024/05/07 13:44:40.289, 48, 201.83 W, 1335 MHz, 100 %, 850 MHz, 1335 MHz, 55 %
2024/05/07 13:44:40.300, 48, 202.21 W, 1335 MHz, 100 %, 850 MHz, 1335 MHz, 55 %
2024/05/07 13:44:40.313, 48, 202.21 W, 1335 MHz, 100 %, 850 MHz, 1335 MHz, 55 %
2024/05/07 13:44:40.329, 48, 202.21 W, 1335 MHz, 100 %, 850 MHz, 1335 MHz, 55 %
2024/05/07 13:44:40.340, 48, 198.61 W, 1335 MHz, 100 %, 850 MHz, 1335 MHz, 55 %
2024/05/07 13:44:40.353, 48, 199.27 W, 1335 MHz, 100 %, 850 MHz, 1335 MHz, 56 %
2024/05/07 13:44:40.371, 48, 199.27 W, 1335 MHz, 100 %, 850 MHz, 1335 MHz, 56 %
2024/05/07 13:44:40.382, 48, 199.12 W, 1335 MHz, 100 %, 850 MHz, 1335 MHz, 56 %
2024/05/07 13:44:40.394, 48, 198.83 W, 1335 MHz, 100 %, 850 MHz, 1335 MHz, 56 %
2024/05/07 13:44:40.411, 48, 198.83 W, 1335 MHz, 100 %, 850 MHz, 1335 MHz, 56 %
2024/05/07 13:44:40.422, 48, 198.45 W, 1335 MHz, 100 %, 850 MHz, 1335 MHz, 56 %
2024/05/07 13:44:40.435, 48, 198.42 W, 1335 MHz, 100 %, 850 MHz, 1335 MHz, 56 %
2024/05/07 13:44:40.450, 48, 198.42 W, 1335 MHz, 100 %, 850 MHz, 1335 MHz, 56 %
2024/05/07 13:44:40.461, 48, 198.42 W, 1335 MHz, 100 %, 850 MHz, 1335 MHz, 56 %
2024/05/07 13:44:40.474, 48, 198.61 W, 1335 MHz, 100 %, 850 MHz, 1335 MHz, 56 %
2024/05/07 13:44:40.490, 48, 198.61 W, 1335 MHz, 100 %, 850 MHz, 1335 MHz, 56 %
2024/05/07 13:44:40.501, 48, 198.61 W, 1335 MHz, 100 %, 850 MHz, 1335 MHz, 56 %
2024/05/07 13:44:40.514, 48, 198.99 W, 1335 MHz, 100 %, 850 MHz, 1335 MHz, 58 %
2024/05/07 13:44:40.530, 48, 198.99 W, 1335 MHz, 100 %, 850 MHz, 1335 MHz, 58 %
2024/05/07 13:44:40.541, 48, 197.69 W, 1335 MHz, 100 %, 850 MHz, 1335 MHz, 58 %
2024/05/07 13:44:40.554, 48, 197.65 W, 1335 MHz, 100 %, 850 MHz, 1335 MHz, 58 %
2024/05/07 13:44:40.570, 48, 197.65 W, 1335 MHz, 100 %, 850 MHz, 1335 MHz, 58 %
2024/05/07 13:44:40.581, 48, 197.72 W, 1335 MHz, 100 %, 850 MHz, 1335 MHz, 58 %
2024/05/07 13:44:40.594, 48, 197.82 W, 1335 MHz, 100 %, 850 MHz, 1335 MHz, 58 %
2024/05/07 13:44:40.610, 48, 197.82 W, 1335 MHz, 100 %, 850 MHz, 1335 MHz, 58 %
2024/05/07 13:44:40.621, 48, 197.59 W, 1335 MHz, 100 %, 850 MHz, 1335 MHz, 58 %
2024/05/07 13:44:40.634, 48, 197.69 W, 1335 MHz, 100 %, 850 MHz, 1335 MHz, 58 %
2024/05/07 13:44:40.650, 48, 197.69 W, 1335 MHz, 100 %, 850 MHz, 1335 MHz, 58 %
2024/05/07 13:44:40.661, 48, 197.75 W, 1335 MHz, 100 %, 850 MHz, 1335 MHz, 58 %
2024/05/07 13:44:40.674, 48, 197.85 W, 1335 MHz, 100 %, 850 MHz, 1335 MHz, 58 %
2024/05/07 13:44:40.691, 48, 197.85 W, 1335 MHz, 100 %, 850 MHz, 1335 MHz, 60 %
2024/05/07 13:44:40.702, 48, 197.65 W, 1335 MHz, 100 %, 850 MHz, 1335 MHz, 60 %
2024/05/07 13:44:40.715, 48, 197.85 W, 1335 MHz, 100 %, 850 MHz, 1335 MHz, 60 %
2024/05/07 13:44:40.731, 48, 197.85 W, 1335 MHz, 100 %, 850 MHz, 1335 MHz, 60 %
2024/05/07 13:44:40.741, 48, 198.13 W, 1335 MHz, 100 %, 850 MHz, 1335 MHz, 60 %
2024/05/07 13:44:40.754, 48, 198.42 W, 1335 MHz, 100 %, 850 MHz, 1335 MHz, 60 %
2024/05/07 13:44:40.771, 48, 198.42 W, 1335 MHz, 100 %, 850 MHz, 1335 MHz, 60 %
2024/05/07 13:44:40.781, 48, 198.42 W, 1335 MHz, 100 %, 850 MHz, 1335 MHz, 60 %
2024/05/07 13:44:40.794, 48, 197.94 W, 1335 MHz, 100 %, 850 MHz, 1335 MHz, 60 %
2024/05/07 13:44:40.811, 48, 197.94 W, 1335 MHz, 100 %, 850 MHz, 1335 MHz, 60 %
2024/05/07 13:44:40.822, 48, 193.60 W, 1335 MHz, 100 %, 850 MHz, 1335 MHz, 60 %
2024/05/07 13:44:40.835, 49, 197.02 W, 1335 MHz, 100 %, 850 MHz, 1335 MHz, 60 %
2024/05/07 13:44:40.852, 49, 197.02 W, 1335 MHz, 100 %, 850 MHz, 1335 MHz, 60 %
2024/05/07 13:44:40.863, 49, 198.54 W, 1335 MHz, 100 %, 850 MHz, 1335 MHz, 60 %
2024/05/07 13:44:40.876, 48, 198.26 W, 1335 MHz, 100 %, 850 MHz, 1335 MHz, 60 %
2024/05/07 13:44:40.891, 49, 198.26 W, 1335 MHz, 100 %, 850 MHz, 1335 MHz, 60 %
2024/05/07 13:44:40.902, 49, 198.13 W, 1335 MHz, 100 %, 850 MHz, 1335 MHz, 60 %
2024/05/07 13:44:40.915, 49, 198.13 W, 1335 MHz, 100 %, 850 MHz, 1335 MHz, 60 %
2024/05/07 13:44:40.931, 49, 198.13 W, 1335 MHz, 100 %, 850 MHz, 1335 MHz, 60 %
2024/05/07 13:44:40.942, 49, 198.04 W, 1335 MHz, 100 %, 850 MHz, 1335 MHz, 60 %
2024/05/07 13:44:40.955, 49, 198.04 W, 1335 MHz, 100 %, 850 MHz, 1335 MHz, 60 %
2024/05/07 13:44:40.971, 49, 198.04 W, 1335 MHz, 100 %, 850 MHz, 1335 MHz, 60 %
2024/05/07 13:44:40.982, 49, 197.85 W, 1335 MHz, 100 %, 850 MHz, 1335 MHz, 60 %
2024/05/07 13:44:40.995, 49, 197.72 W, 1335 MHz, 100 %, 850 MHz, 1335 MHz, 60 %
2024/05/07 13:44:41.011, 49, 197.72 W, 1335 MHz, 100 %, 850 MHz, 1335 MHz, 60 %
2024/05/07 13:44:41.022, 49, 197.31 W, 1335 MHz, 100 %, 850 MHz, 1335 MHz, 59 %
2024/05/07 13:44:41.035, 49, 196.83 W, 1335 MHz, 100 %, 850 MHz, 1335 MHz, 59 %
2024/05/07 13:44:41.051, 49, 196.83 W, 1335 MHz, 100 %, 850 MHz, 1335 MHz, 59 %
2024/05/07 13:44:41.062, 49, 196.74 W, 1335 MHz, 100 %, 850 MHz, 1335 MHz, 59 %
2024/05/07 13:44:41.075, 49, 196.93 W, 1335 MHz, 100 %, 850 MHz, 1335 MHz, 59 %
2024/05/07 13:44:41.091, 49, 196.93 W, 1335 MHz, 100 %, 850 MHz, 1335 MHz, 59 %
2024/05/07 13:44:41.102, 49, 196.80 W, 1335 MHz, 100 %, 850 MHz, 1335 MHz, 59 %
2024/05/07 13:44:41.115, 49, 196.80 W, 1335 MHz, 100 %, 850 MHz, 1335 MHz, 59 %
2024/05/07 13:44:41.131, 49, 196.80 W, 1335 MHz, 100 %, 850 MHz, 1335 MHz, 59 %
2024/05/07 13:44:41.142, 49, 196.89 W, 1335 MHz, 100 %, 850 MHz, 1335 MHz, 59 %
2024/05/07 13:44:41.155, 49, 196.89 W, 1335 MHz, 100 %, 850 MHz, 1335 MHz, 59 %
2024/05/07 13:44:41.171, 49, 196.89 W, 1335 MHz, 100 %, 850 MHz, 1335 MHz, 59 %
2024/05/07 13:44:41.182, 49, 197.21 W, 1335 MHz, 100 %, 850 MHz, 1335 MHz, 59 %
2024/05/07 13:44:41.195, 49, 197.02 W, 1335 MHz, 100 %, 850 MHz, 1335 MHz, 59 %
2024/05/07 13:44:41.212, 49, 197.02 W, 1335 MHz, 100 %, 850 MHz, 1335 MHz, 59 %
2024/05/07 13:44:41.222, 49, 197.24 W, 1335 MHz, 100 %, 850 MHz, 1335 MHz, 59 %
2024/05/07 13:44:41.235, 49, 197.15 W, 1335 MHz, 100 %, 850 MHz, 1335 MHz, 59 %
2024/05/07 13:44:41.252, 49, 197.15 W, 1335 MHz, 100 %, 850 MHz, 1335 MHz, 59 %
2024/05/07 13:44:41.262, 49, 197.40 W, 1335 MHz, 100 %, 850 MHz, 1335 MHz, 59 %
2024/05/07 13:44:41.275, 49, 197.50 W, 1335 MHz, 100 %, 850 MHz, 1335 MHz, 59 %
2024/05/07 13:44:41.292, 49, 197.50 W, 1335 MHz, 100 %, 850 MHz, 1335 MHz, 59 %
2024/05/07 13:44:41.302, 49, 197.56 W, 1335 MHz, 100 %, 850 MHz, 1335 MHz, 59 %
2024/05/07 13:44:41.315, 49, 195.63 W, 1335 MHz, 100 %, 850 MHz, 1335 MHz, 59 %
2024/05/07 13:44:41.333, 49, 195.63 W, 1335 MHz, 100 %, 850 MHz, 1335 MHz, 59 %
2024/05/07 13:44:41.344, 49, 199.18 W, 1335 MHz, 100 %, 850 MHz, 1335 MHz, 59 %
2024/05/07 13:44:41.357, 49, 199.08 W, 1335 MHz, 100 %, 850 MHz, 1335 MHz, 60 %
2024/05/07 13:44:41.372, 49, 199.08 W, 1335 MHz, 100 %, 850 MHz, 1335 MHz, 60 %
2024/05/07 13:44:41.383, 49, 198.04 W, 1335 MHz, 100 %, 850 MHz, 1335 MHz, 60 %
2024/05/07 13:44:41.396, 49, 197.75 W, 1335 MHz, 100 %, 850 MHz, 1335 MHz, 60 %
2024/05/07 13:44:41.412, 49, 197.75 W, 1335 MHz, 100 %, 850 MHz, 1335 MHz, 60 %
2024/05/07 13:44:41.423, 49, 198.42 W, 1335 MHz, 100 %, 850 MHz, 1335 MHz, 60 %
2024/05/07 13:44:41.436, 49, 198.83 W, 1335 MHz, 100 %, 850 MHz, 1335 MHz, 60 %
2024/05/07 13:44:41.452, 49, 198.83 W, 1335 MHz, 100 %, 850 MHz, 1335 MHz, 60 %
2024/05/07 13:44:41.463, 49, 199.18 W, 1335 MHz, 100 %, 850 MHz, 1335 MHz, 60 %
2024/05/07 13:44:41.476, 49, 199.08 W, 1335 MHz, 100 %, 850 MHz, 1335 MHz, 60 %
2024/05/07 13:44:41.492, 49, 199.08 W, 1335 MHz, 100 %, 850 MHz, 1335 MHz, 60 %
2024/05/07 13:44:41.503, 49, 198.89 W, 1335 MHz, 100 %, 850 MHz, 1335 MHz, 60 %
2024/05/07 13:44:41.516, 49, 198.26 W, 1335 MHz, 100 %, 850 MHz, 1335 MHz, 60 %
2024/05/07 13:44:41.533, 49, 198.26 W, 1335 MHz, 100 %, 850 MHz, 1335 MHz, 60 %
2024/05/07 13:44:41.544, 49, 197.18 W, 1335 MHz, 100 %, 850 MHz, 1335 MHz, 60 %
2024/05/07 13:44:41.557, 49, 196.80 W, 1335 MHz, 100 %, 850 MHz, 1335 MHz, 60 %
2024/05/07 13:44:41.572, 49, 196.80 W, 1335 MHz, 100 %, 850 MHz, 1335 MHz, 60 %
2024/05/07 13:44:41.583, 49, 196.80 W, 1335 MHz, 100 %, 850 MHz, 1335 MHz, 60 %
2024/05/07 13:44:41.596, 49, 196.64 W, 1335 MHz, 100 %, 850 MHz, 1335 MHz, 60 %
2024/05/07 13:44:41.613, 49, 196.64 W, 1335 MHz, 100 %, 850 MHz, 1335 MHz, 60 %
2024/05/07 13:44:41.624, 49, 196.64 W, 1335 MHz, 100 %, 850 MHz, 1335 MHz, 60 %
2024/05/07 13:44:41.637, 49, 196.74 W, 1335 MHz, 100 %, 850 MHz, 1335 MHz, 60 %
2024/05/07 13:44:41.652, 49, 196.74 W, 1335 MHz, 100 %, 850 MHz, 1335 MHz, 60 %
2024/05/07 13:44:41.663, 49, 196.83 W, 1335 MHz, 100 %, 850 MHz, 1335 MHz, 60 %
2024/05/07 13:44:41.676, 49, 196.86 W, 1335 MHz, 100 %, 850 MHz, 1335 MHz, 60 %
2024/05/07 13:44:41.693, 49, 196.86 W, 1335 MHz, 100 %, 850 MHz, 1335 MHz, 60 %
2024/05/07 13:44:41.704, 49, 197.02 W, 1335 MHz, 100 %, 850 MHz, 1335 MHz, 60 %
2024/05/07 13:44:41.716, 49, 197.12 W, 1335 MHz, 100 %, 850 MHz, 1335 MHz, 60 %
2024/05/07 13:44:41.733, 49, 197.12 W, 1335 MHz, 100 %, 850 MHz, 1335 MHz, 60 %
2024/05/07 13:44:41.744, 49, 197.46 W, 1335 MHz, 100 %, 850 MHz, 1335 MHz, 60 %
2024/05/07 13:44:41.757, 49, 197.46 W, 1335 MHz, 100 %, 850 MHz, 1335 MHz, 60 %
2024/05/07 13:44:41.773, 49, 197.46 W, 1335 MHz, 100 %, 850 MHz, 1335 MHz, 60 %
2024/05/07 13:44:41.784, 49, 197.27 W, 1335 MHz, 100 %, 850 MHz, 1335 MHz, 60 %
2024/05/07 13:44:41.796, 49, 197.37 W, 1335 MHz, 100 %, 850 MHz, 1335 MHz, 60 %
2024/05/07 13:44:41.813, 49, 197.37 W, 1335 MHz, 100 %, 850 MHz, 1335 MHz, 60 %
2024/05/07 13:44:41.824, 49, 197.18 W, 1335 MHz, 100 %, 850 MHz, 1335 MHz, 60 %
2024/05/07 13:44:41.837, 49, 198.32 W, 1335 MHz, 100 %, 850 MHz, 1335 MHz, 60 %
2024/05/07 13:44:41.854, 49, 198.32 W, 1335 MHz, 100 %, 850 MHz, 1335 MHz, 60 %
2024/05/07 13:44:41.865, 49, 197.69 W, 1335 MHz, 100 %, 850 MHz, 1335 MHz, 60 %
2024/05/07 13:44:41.878, 49, 196.93 W, 1335 MHz, 100 %, 850 MHz, 1335 MHz, 60 %
2024/05/07 13:44:41.893, 49, 196.93 W, 1335 MHz, 100 %, 850 MHz, 1335 MHz, 60 %
2024/05/07 13:44:41.904, 49, 196.67 W, 1335 MHz, 100 %, 850 MHz, 1335 MHz, 60 %
2024/05/07 13:44:41.917, 49, 196.74 W, 1335 MHz, 100 %, 850 MHz, 1335 MHz, 60 %
2024/05/07 13:44:41.933, 49, 196.74 W, 1335 MHz, 100 %, 850 MHz, 1335 MHz, 60 %
2024/05/07 13:44:41.944, 49, 196.42 W, 1335 MHz, 100 %, 850 MHz, 1335 MHz, 60 %
2024/05/07 13:44:41.957, 49, 196.61 W, 1335 MHz, 100 %, 850 MHz, 1335 MHz, 60 %
2024/05/07 13:44:41.973, 49, 196.61 W, 1335 MHz, 100 %, 850 MHz, 1335 MHz, 60 %
2024/05/07 13:44:41.984, 49, 196.70 W, 1335 MHz, 100 %, 850 MHz, 1335 MHz, 60 %
2024/05/07 13:44:41.997, 49, 196.80 W, 1335 MHz, 100 %, 850 MHz, 1335 MHz, 60 %
2024/05/07 13:44:42.013, 49, 196.80 W, 1335 MHz, 100 %, 850 MHz, 1335 MHz, 60 %
2024/05/07 13:44:42.024, 49, 195.94 W, 1335 MHz, 100 %, 850 MHz, 1335 MHz, 61 %
2024/05/07 13:44:42.037, 49, 196.01 W, 1335 MHz, 100 %, 850 MHz, 1335 MHz, 61 %
2024/05/07 13:44:42.055, 49, 196.01 W, 1335 MHz, 100 %, 850 MHz, 1335 MHz, 61 %
2024/05/07 13:44:42.066, 49, 195.53 W, 1335 MHz, 100 %, 850 MHz, 1335 MHz, 61 %
2024/05/07 13:44:42.078, 49, 195.72 W, 1335 MHz, 100 %, 850 MHz, 1335 MHz, 61 %
2024/05/07 13:44:42.095, 49, 195.72 W, 1335 MHz, 100 %, 850 MHz, 1335 MHz, 61 %
2024/05/07 13:44:42.105, 49, 195.72 W, 1335 MHz, 100 %, 850 MHz, 1335 MHz, 61 %
2024/05/07 13:44:42.119, 49, 196.01 W, 1335 MHz, 100 %, 850 MHz, 1335 MHz, 61 %
2024/05/07 13:44:42.134, 49, 196.01 W, 1335 MHz, 100 %, 850 MHz, 1335 MHz, 61 %
2024/05/07 13:44:42.145, 49, 196.07 W, 1335 MHz, 100 %, 850 MHz, 1335 MHz, 61 %
2024/05/07 13:44:42.157, 49, 195.91 W, 1335 MHz, 100 %, 850 MHz, 1335 MHz, 61 %
2024/05/07 13:44:42.174, 49, 195.91 W, 1335 MHz, 100 %, 850 MHz, 1335 MHz, 61 %
2024/05/07 13:44:42.184, 49, 195.98 W, 1335 MHz, 100 %, 850 MHz, 1335 MHz, 60 %
2024/05/07 13:44:42.197, 49, 195.94 W, 1335 MHz, 100 %, 850 MHz, 1335 MHz, 60 %
2024/05/07 13:44:42.215, 49, 195.94 W, 1335 MHz, 100 %, 850 MHz, 1335 MHz, 60 %
2024/05/07 13:44:42.226, 49, 195.98 W, 1335 MHz, 100 %, 850 MHz, 1335 MHz, 60 %
2024/05/07 13:44:42.239, 49, 195.94 W, 1335 MHz, 100 %, 850 MHz, 1335 MHz, 60 %
2024/05/07 13:44:42.254, 49, 195.94 W, 1335 MHz, 100 %, 850 MHz, 1335 MHz, 60 %
2024/05/07 13:44:42.265, 49, 196.26 W, 1335 MHz, 100 %, 850 MHz, 1335 MHz, 60 %
2024/05/07 13:44:42.278, 49, 196.10 W, 1335 MHz, 100 %, 850 MHz, 1335 MHz, 60 %
2024/05/07 13:44:42.294, 49, 196.10 W, 1335 MHz, 100 %, 850 MHz, 1335 MHz, 60 %
2024/05/07 13:44:42.305, 49, 187.22 W, 1335 MHz, 100 %, 850 MHz, 1335 MHz, 60 %
2024/05/07 13:44:42.318, 49, 196.35 W, 1335 MHz, 100 %, 850 MHz, 1335 MHz, 60 %
2024/05/07 13:44:42.335, 49, 196.35 W, 1335 MHz, 100 %, 850 MHz, 1335 MHz, 60 %
2024/05/07 13:44:42.346, 49, 200.07 W, 1335 MHz, 100 %, 850 MHz, 1335 MHz, 60 %
2024/05/07 13:44:42.359, 49, 199.37 W, 1335 MHz, 100 %, 850 MHz, 1335 MHz, 56 %
2024/05/07 13:44:42.375, 49, 199.37 W, 1335 MHz, 100 %, 850 MHz, 1335 MHz, 56 %
2024/05/07 13:44:42.386, 49, 199.56 W, 1335 MHz, 100 %, 850 MHz, 1335 MHz, 56 %
2024/05/07 13:44:42.399, 49, 200.03 W, 1335 MHz, 100 %, 850 MHz, 1335 MHz, 56 %
2024/05/07 13:44:42.415, 49, 200.03 W, 1335 MHz, 100 %, 850 MHz, 1335 MHz, 56 %
2024/05/07 13:44:42.426, 49, 201.83 W, 1335 MHz, 100 %, 850 MHz, 1335 MHz, 56 %
2024/05/07 13:44:42.439, 50, 202.21 W, 1335 MHz, 100 %, 850 MHz, 1335 MHz, 56 %
2024/05/07 13:44:42.454, 50, 202.21 W, 1335 MHz, 100 %, 850 MHz, 1335 MHz, 56 %
2024/05/07 13:44:42.465, 49, 203.07 W, 1335 MHz, 100 %, 850 MHz, 1335 MHz, 56 %
2024/05/07 13:44:42.478, 49, 203.29 W, 1335 MHz, 100 %, 850 MHz, 1335 MHz, 56 %
